order_id,order_date,customer_id,product_id,quantity,unit_price,discount,total_revenue,profit,payment_method,order_status
ORD-10001,2025-09-12,CUST-1078,PROD-102,2,89.5,0.0,179.0,89.0,Credit Card,Cancelled
ORD-10002,2026-03-03,CUST-1031,PROD-109,2,24.5,0.05,46.55,28.55,Credit Card,Delivered
ORD-10003,2025-08-20,CUST-1156,PROD-110,2,199.0,0.0,398.0,178.0,Credit Card,Delivered
ORD-10004,2026-01-25,CUST-1199,PROD-109,1,24.5,0.05,23.28,14.28,Debit Card,Delivered
ORD-10005,2025-11-01,CUST-1116,PROD-108,2,64.99,0.0,129.98,69.98,Credit Card,Delivered
ORD-10006,2025-11-09,CUST-1151,PROD-107,1,59.9,0.1,53.91,25.91,UPI,Delivered
ORD-10007,2025-03-03,CUST-1146,PROD-110,2,199.0,0.05,378.1,158.1,UPI,Cancelled
ORD-10008,2025-08-01,CUST-1157,PROD-102,1,89.5,0.2,71.6,26.6,Credit Card,Cancelled
ORD-10009,2025-09-28,CUST-1161,PROD-104,3,39.99,0.05,113.97,59.97,Credit Card,Delivered
ORD-10010,2025-06-10,CUST-1170,PROD-102,2,89.5,0.05,170.05,80.05,Credit Card,Shipped
ORD-10011,2026-07-20,CUST-1062,PROD-103,1,329.0,0.05,312.55,102.55,Net Banking,Delivered
ORD-10012,2025-01-03,CUST-1020,PROD-103,5,329.0,0.05,1562.75,512.75,Credit Card,Cancelled
ORD-10013,2026-04-27,CUST-1105,PROD-108,1,64.99,0.0,64.99,34.99,Debit Card,Delivered
ORD-10014,2025-08-26,CUST-1075,PROD-101,2,149.99,0.05,284.98,114.98,Debit Card,Delivered
ORD-10015,2026-04-10,CUST-1074,PROD-105,1,45.0,0.0,45.0,25.0,Net Banking,Delivered
ORD-10016,2025-09-28,CUST-1019,PROD-104,1,39.99,0.05,37.99,19.99,Debit Card,Delivered
ORD-10017,2025-07-22,CUST-1161,PROD-110,4,199.0,0.0,796.0,356.0,Credit Card,Returned
ORD-10018,2026-07-12,CUST-1109,PROD-102,5,89.5,0.0,447.5,222.5,UPI,Delivered
ORD-10019,2025-09-30,CUST-1058,PROD-103,1,329.0,0.1,296.1,86.1,Credit Card,Cancelled
ORD-10020,2025-03-03,CUST-1037,PROD-102,1,89.5,0.0,89.5,44.5,Net Banking,Delivered
ORD-10021,2025-10-23,CUST-1043,PROD-105,1,45.0,0.05,42.75,22.75,Credit Card,Returned
ORD-10022,2026-04-25,CUST-1113,PROD-102,2,89.5,0.1,161.1,71.1,UPI,Cancelled
ORD-10023,2026-02-17,CUST-1177,PROD-105,2,45.0,0.15,76.5,36.5,Credit Card,Delivered
ORD-10024,2026-07-07,CUST-1070,PROD-109,2,24.5,0.05,46.55,28.55,UPI,Delivered
ORD-10025,2025-03-24,CUST-1127,PROD-108,1,64.99,0.05,61.74,31.74,Credit Card,Delivered
ORD-10026,2026-03-19,CUST-1154,PROD-101,3,149.99,0.0,449.97,194.97,Credit Card,Returned
ORD-10027,2025-09-14,CUST-1189,PROD-106,1,29.99,0.0,29.99,17.49,UPI,Shipped
ORD-10028,2025-08-23,CUST-1007,PROD-102,1,89.5,0.2,71.6,26.6,UPI,Cancelled
ORD-10029,2025-01-22,CUST-1173,PROD-110,1,199.0,0.05,189.05,79.05,UPI,Returned
ORD-10030,2025-02-11,CUST-1196,PROD-105,1,45.0,0.0,45.0,25.0,Debit Card,Delivered
ORD-10031,2026-04-27,CUST-1196,PROD-103,1,329.0,0.1,296.1,86.1,Credit Card,Delivered
ORD-10032,2025-10-12,CUST-1133,PROD-108,2,64.99,0.0,129.98,69.98,Credit Card,Cancelled
ORD-10033,2026-03-23,CUST-1047,PROD-110,3,199.0,0.1,537.3,207.3,UPI,Delivered
ORD-10034,2025-04-04,CUST-1163,PROD-108,3,64.99,0.05,185.22,95.22,Credit Card,Cancelled
ORD-10035,2026-02-23,CUST-1121,PROD-106,2,29.99,0.1,53.98,28.98,Credit Card,Shipped
ORD-10036,2025-04-18,CUST-1086,PROD-106,2,29.99,0.05,56.98,31.98,UPI,Returned
ORD-10037,2026-02-26,CUST-1042,PROD-106,1,29.99,0.05,28.49,15.99,Credit Card,Cancelled
ORD-10038,2025-10-23,CUST-1178,PROD-108,1,64.99,0.0,64.99,34.99,Credit Card,Delivered
ORD-10039,2026-07-18,CUST-1170,PROD-107,1,59.9,0.2,47.92,19.92,Credit Card,Delivered
ORD-10040,2025-04-01,CUST-1010,PROD-108,2,64.99,0.1,116.98,56.98,Credit Card,Cancelled
ORD-10041,2025-11-28,CUST-1081,PROD-105,1,45.0,0.0,45.0,25.0,UPI,Shipped
ORD-10042,2026-06-11,CUST-1030,PROD-107,3,59.9,0.0,179.7,95.7,Credit Card,Delivered
ORD-10043,2026-04-19,CUST-1001,PROD-109,2,24.5,0.15,41.65,23.65,UPI,Delivered
ORD-10044,2025-07-12,CUST-1106,PROD-101,2,149.99,0.15,254.98,84.98,Debit Card,Delivered
ORD-10045,2026-05-26,CUST-1133,PROD-106,2,29.99,0.15,50.98,25.98,UPI,Delivered
ORD-10046,2025-02-22,CUST-1161,PROD-108,2,64.99,0.0,129.98,69.98,Net Banking,Delivered
ORD-10047,2026-07-17,CUST-1053,PROD-105,4,45.0,0.0,180.0,100.0,Debit Card,Delivered
ORD-10048,2026-03-25,CUST-1034,PROD-105,1,45.0,0.0,45.0,25.0,Credit Card,Cancelled
ORD-10049,2025-05-05,CUST-1179,PROD-108,1,64.99,0.0,64.99,34.99,UPI,Delivered
ORD-10050,2025-09-03,CUST-1008,PROD-110,2,199.0,0.0,398.0,178.0,UPI,Cancelled
ORD-10051,2025-11-15,CUST-1182,PROD-103,3,329.0,0.0,987.0,357.0,Credit Card,Shipped
ORD-10052,2026-07-20,CUST-1142,PROD-101,1,149.99,0.15,127.49,42.49,Credit Card,Delivered
ORD-10053,2025-08-19,CUST-1105,PROD-102,3,89.5,0.0,268.5,133.5,Credit Card,Delivered
ORD-10054,2025-05-01,CUST-1030,PROD-108,2,64.99,0.05,123.48,63.48,UPI,Delivered
ORD-10055,2026-05-26,CUST-1166,PROD-103,1,329.0,0.1,296.1,86.1,Credit Card,Cancelled
ORD-10056,2026-06-06,CUST-1184,PROD-105,2,45.0,0.0,90.0,50.0,UPI,Returned
ORD-10057,2026-03-02,CUST-1181,PROD-105,2,45.0,0.0,90.0,50.0,Debit Card,Cancelled
ORD-10058,2025-09-07,CUST-1124,PROD-108,1,64.99,0.0,64.99,34.99,Credit Card,Delivered
ORD-10059,2025-05-29,CUST-1117,PROD-109,1,24.5,0.0,24.5,15.5,Debit Card,Delivered
ORD-10060,2026-06-05,CUST-1099,PROD-104,1,39.99,0.2,31.99,13.99,UPI,Delivered
ORD-10061,2025-03-13,CUST-1192,PROD-103,2,329.0,0.05,625.1,205.1,UPI,Delivered
ORD-10062,2025-12-15,CUST-1071,PROD-107,2,59.9,0.05,113.81,57.81,Credit Card,Shipped
ORD-10063,2025-01-03,CUST-1130,PROD-105,2,45.0,0.1,81.0,41.0,Credit Card,Delivered
ORD-10064,2026-05-17,CUST-1073,PROD-105,5,45.0,0.2,180.0,80.0,Credit Card,Delivered
ORD-10065,2026-07-06,CUST-1039,PROD-108,3,64.99,0.0,194.97,104.97,Credit Card,Delivered
ORD-10066,2025-12-07,CUST-1124,PROD-106,2,29.99,0.1,53.98,28.98,Net Banking,Cancelled
ORD-10067,2026-01-22,CUST-1142,PROD-109,1,24.5,0.1,22.05,13.05,Credit Card,Delivered
ORD-10068,2025-07-13,CUST-1117,PROD-106,3,29.99,0.0,89.97,52.47,UPI,Cancelled
ORD-10069,2026-01-28,CUST-1179,PROD-104,5,39.99,0.0,199.95,109.95,Credit Card,Delivered
ORD-10070,2025-02-14,CUST-1060,PROD-107,1,59.9,0.15,50.92,22.92,UPI,Delivered
ORD-10071,2026-01-26,CUST-1082,PROD-108,1,64.99,0.0,64.99,34.99,Net Banking,Cancelled
ORD-10072,2026-05-23,CUST-1099,PROD-103,2,329.0,0.0,658.0,238.0,Credit Card,Cancelled
ORD-10073,2026-05-30,CUST-1010,PROD-103,1,329.0,0.0,329.0,119.0,UPI,Delivered
ORD-10074,2025-04-13,CUST-1152,PROD-106,2,29.99,0.1,53.98,28.98,Net Banking,Returned
ORD-10075,2026-06-23,CUST-1113,PROD-102,2,89.5,0.05,170.05,80.05,Debit Card,Returned
ORD-10076,2025-05-28,CUST-1117,PROD-101,1,149.99,0.0,149.99,64.99,UPI,Shipped
ORD-10077,2025-03-18,CUST-1105,PROD-103,4,329.0,0.0,1316.0,476.0,Debit Card,Shipped
ORD-10078,2025-12-13,CUST-1121,PROD-105,1,45.0,0.0,45.0,25.0,Debit Card,Delivered
ORD-10079,2025-03-24,CUST-1160,PROD-107,1,59.9,0.05,56.9,28.9,Debit Card,Delivered
ORD-10080,2026-01-25,CUST-1085,PROD-109,1,24.5,0.0,24.5,15.5,Credit Card,Delivered
ORD-10081,2026-07-09,CUST-1082,PROD-108,2,64.99,0.05,123.48,63.48,Debit Card,Delivered
ORD-10082,2025-03-12,CUST-1010,PROD-110,3,199.0,0.2,477.6,147.6,Credit Card,Cancelled
ORD-10083,2025-08-21,CUST-1061,PROD-105,1,45.0,0.05,42.75,22.75,Credit Card,Delivered
ORD-10084,2026-03-21,CUST-1192,PROD-102,2,89.5,0.0,179.0,89.0,Credit Card,Delivered
ORD-10085,2026-03-31,CUST-1026,PROD-102,1,89.5,0.2,71.6,26.6,Debit Card,Cancelled
ORD-10086,2025-01-30,CUST-1043,PROD-105,1,45.0,0.0,45.0,25.0,UPI,Shipped
ORD-10087,2025-02-27,CUST-1012,PROD-106,2,29.99,0.0,59.98,34.98,Debit Card,Shipped
ORD-10088,2026-01-19,CUST-1076,PROD-106,4,29.99,0.05,113.96,63.96,UPI,Delivered
ORD-10089,2025-09-08,CUST-1111,PROD-103,1,329.0,0.15,279.65,69.65,Net Banking,Shipped
ORD-10090,2025-07-04,CUST-1136,PROD-107,1,59.9,0.05,56.9,28.9,Net Banking,Delivered
ORD-10091,2025-03-22,CUST-1044,PROD-103,5,329.0,0.0,1645.0,595.0,UPI,Returned
ORD-10092,2025-09-04,CUST-1157,PROD-107,1,59.9,0.1,53.91,25.91,UPI,Delivered
ORD-10093,2025-05-27,CUST-1128,PROD-110,1,199.0,0.05,189.05,79.05,Credit Card,Returned
ORD-10094,2025-09-18,CUST-1060,PROD-108,3,64.99,0.1,175.47,85.47,Debit Card,Cancelled
ORD-10095,2025-01-10,CUST-1118,PROD-105,3,45.0,0.05,128.25,68.25,UPI,Delivered
ORD-10096,2026-07-14,CUST-1120,PROD-105,3,45.0,0.0,135.0,75.0,UPI,Cancelled
ORD-10097,2026-03-29,CUST-1041,PROD-102,1,89.5,0.0,89.5,44.5,Credit Card,Delivered
ORD-10098,2025-11-03,CUST-1089,PROD-110,2,199.0,0.05,378.1,158.1,Credit Card,Returned
ORD-10099,2025-09-14,CUST-1164,PROD-107,2,59.9,0.05,113.81,57.81,Net Banking,Delivered
ORD-10100,2025-07-23,CUST-1117,PROD-105,1,45.0,0.1,40.5,20.5,Debit Card,Cancelled
ORD-10101,2025-04-20,CUST-1099,PROD-108,3,64.99,0.05,185.22,95.22,Credit Card,Returned
ORD-10102,2026-01-03,CUST-1061,PROD-107,1,59.9,0.1,53.91,25.91,UPI,Delivered
ORD-10103,2025-10-30,CUST-1148,PROD-105,1,45.0,0.0,45.0,25.0,Credit Card,Cancelled
ORD-10104,2025-10-09,CUST-1006,PROD-107,2,59.9,0.05,113.81,57.81,UPI,Delivered
ORD-10105,2025-02-20,CUST-1003,PROD-110,3,199.0,0.0,597.0,267.0,UPI,Returned
ORD-10106,2025-10-21,CUST-1156,PROD-108,1,64.99,0.05,61.74,31.74,Net Banking,Shipped
ORD-10107,2025-12-27,CUST-1199,PROD-104,2,39.99,0.05,75.98,39.98,Net Banking,Delivered
ORD-10108,2025-09-14,CUST-1057,PROD-104,1,39.99,0.05,37.99,19.99,Debit Card,Shipped
ORD-10109,2025-04-10,CUST-1174,PROD-103,1,329.0,0.0,329.0,119.0,UPI,Delivered
ORD-10110,2025-11-13,CUST-1161,PROD-101,1,149.99,0.0,149.99,64.99,Credit Card,Returned
ORD-10111,2026-01-09,CUST-1113,PROD-101,1,149.99,0.1,134.99,49.99,Credit Card,Delivered
ORD-10112,2025-04-03,CUST-1188,PROD-103,1,329.0,0.15,279.65,69.65,UPI,Shipped
ORD-10113,2026-03-02,CUST-1076,PROD-106,5,29.99,0.05,142.45,79.95,Credit Card,Shipped
ORD-10114,2025-05-16,CUST-1045,PROD-104,1,39.99,0.0,39.99,21.99,Credit Card,Shipped
ORD-10115,2026-06-28,CUST-1139,PROD-106,2,29.99,0.05,56.98,31.98,Credit Card,Cancelled
ORD-10116,2025-06-18,CUST-1129,PROD-105,1,45.0,0.05,42.75,22.75,UPI,Delivered
ORD-10117,2025-10-30,CUST-1066,PROD-108,1,64.99,0.05,61.74,31.74,UPI,Cancelled
ORD-10118,2025-04-28,CUST-1192,PROD-106,1,29.99,0.0,29.99,17.49,Credit Card,Delivered
ORD-10119,2025-05-25,CUST-1120,PROD-102,3,89.5,0.1,241.65,106.65,Credit Card,Returned
ORD-10120,2026-02-11,CUST-1194,PROD-104,2,39.99,0.15,67.98,31.98,Credit Card,Delivered
ORD-10121,2025-04-03,CUST-1143,PROD-106,1,29.99,0.05,28.49,15.99,UPI,Cancelled
ORD-10122,2025-09-28,CUST-1102,PROD-101,1,149.99,0.0,149.99,64.99,UPI,Returned
ORD-10123,2026-04-11,CUST-1138,PROD-102,2,89.5,0.05,170.05,80.05,Credit Card,Delivered
ORD-10124,2026-01-26,CUST-1095,PROD-105,1,45.0,0.0,45.0,25.0,Credit Card,Returned
ORD-10125,2025-04-21,CUST-1164,PROD-106,1,29.99,0.0,29.99,17.49,Credit Card,Returned
ORD-10126,2026-04-28,CUST-1173,PROD-104,1,39.99,0.05,37.99,19.99,Credit Card,Shipped
ORD-10127,2026-07-29,CUST-1007,PROD-110,2,199.0,0.1,358.2,138.2,Net Banking,Shipped
ORD-10128,2025-08-15,CUST-1084,PROD-110,1,199.0,0.05,189.05,79.05,UPI,Returned
ORD-10129,2026-04-21,CUST-1166,PROD-102,2,89.5,0.05,170.05,80.05,Credit Card,Delivered
ORD-10130,2026-02-23,CUST-1180,PROD-105,1,45.0,0.15,38.25,18.25,UPI,Delivered
ORD-10131,2025-02-16,CUST-1030,PROD-103,1,329.0,0.2,263.2,53.2,UPI,Delivered
ORD-10132,2026-05-20,CUST-1010,PROD-105,1,45.0,0.0,45.0,25.0,Credit Card,Delivered
ORD-10133,2025-08-29,CUST-1030,PROD-102,3,89.5,0.0,268.5,133.5,Net Banking,Returned
ORD-10134,2026-02-02,CUST-1138,PROD-103,3,329.0,0.0,987.0,357.0,Credit Card,Shipped
ORD-10135,2026-07-08,CUST-1117,PROD-106,5,29.99,0.0,149.95,87.45,Credit Card,Delivered
ORD-10136,2025-06-08,CUST-1108,PROD-110,3,199.0,0.0,597.0,267.0,Debit Card,Cancelled
ORD-10137,2026-05-17,CUST-1107,PROD-102,1,89.5,0.1,80.55,35.55,Debit Card,Returned
ORD-10138,2025-10-14,CUST-1158,PROD-107,2,59.9,0.05,113.81,57.81,Net Banking,Shipped
ORD-10139,2025-08-11,CUST-1009,PROD-106,1,29.99,0.0,29.99,17.49,UPI,Delivered
ORD-10140,2025-08-30,CUST-1114,PROD-108,2,64.99,0.05,123.48,63.48,UPI,Cancelled
ORD-10141,2026-01-12,CUST-1093,PROD-102,1,89.5,0.05,85.02,40.02,Credit Card,Delivered
ORD-10142,2025-03-04,CUST-1140,PROD-106,1,29.99,0.05,28.49,15.99,Credit Card,Delivered
ORD-10143,2025-07-14,CUST-1102,PROD-105,2,45.0,0.05,85.5,45.5,Credit Card,Delivered
ORD-10144,2025-04-04,CUST-1032,PROD-108,1,64.99,0.0,64.99,34.99,Credit Card,Delivered
ORD-10145,2025-01-22,CUST-1170,PROD-104,2,39.99,0.05,75.98,39.98,UPI,Cancelled
ORD-10146,2025-09-07,CUST-1013,PROD-106,1,29.99,0.15,25.49,12.99,UPI,Delivered
ORD-10147,2025-07-30,CUST-1033,PROD-110,1,199.0,0.1,179.1,69.1,Debit Card,Delivered
ORD-10148,2025-08-01,CUST-1018,PROD-109,1,24.5,0.15,20.82,11.82,UPI,Delivered
ORD-10149,2025-08-27,CUST-1151,PROD-104,3,39.99,0.0,119.97,65.97,Net Banking,Cancelled
ORD-10150,2025-01-03,CUST-1085,PROD-103,2,329.0,0.1,592.2,172.2,Credit Card,Delivered
ORD-10151,2025-05-14,CUST-1071,PROD-103,2,329.0,0.05,625.1,205.1,Credit Card,Shipped
ORD-10152,2025-06-28,CUST-1139,PROD-105,2,45.0,0.1,81.0,41.0,UPI,Cancelled
ORD-10153,2025-05-15,CUST-1029,PROD-101,3,149.99,0.05,427.47,172.47,UPI,Returned
ORD-10154,2025-09-01,CUST-1004,PROD-106,2,29.99,0.0,59.98,34.98,Net Banking,Returned
ORD-10155,2025-01-17,CUST-1151,PROD-106,2,29.99,0.0,59.98,34.98,Credit Card,Returned
ORD-10156,2025-02-23,CUST-1045,PROD-105,1,45.0,0.15,38.25,18.25,UPI,Delivered
ORD-10157,2026-06-23,CUST-1033,PROD-107,1,59.9,0.1,53.91,25.91,UPI,Delivered
ORD-10158,2026-05-03,CUST-1030,PROD-102,2,89.5,0.05,170.05,80.05,Debit Card,Delivered
ORD-10159,2026-06-10,CUST-1115,PROD-106,1,29.99,0.0,29.99,17.49,UPI,Cancelled
ORD-10160,2026-04-08,CUST-1152,PROD-102,1,89.5,0.1,80.55,35.55,UPI,Delivered
ORD-10161,2025-02-14,CUST-1129,PROD-104,1,39.99,0.1,35.99,17.99,Credit Card,Delivered
ORD-10162,2025-11-05,CUST-1187,PROD-109,1,24.5,0.05,23.28,14.28,UPI,Shipped
ORD-10163,2025-03-04,CUST-1118,PROD-101,1,149.99,0.05,142.49,57.49,Net Banking,Delivered
ORD-10164,2026-03-13,CUST-1123,PROD-107,2,59.9,0.1,107.82,51.82,UPI,Delivered
ORD-10165,2026-05-18,CUST-1176,PROD-102,2,89.5,0.1,161.1,71.1,Debit Card,Cancelled
ORD-10166,2025-03-17,CUST-1183,PROD-108,1,64.99,0.05,61.74,31.74,Credit Card,Delivered
ORD-10167,2025-06-01,CUST-1021,PROD-106,1,29.99,0.05,28.49,15.99,UPI,Delivered
ORD-10168,2025-10-09,CUST-1017,PROD-103,1,329.0,0.1,296.1,86.1,UPI,Delivered
ORD-10169,2026-07-16,CUST-1160,PROD-110,2,199.0,0.1,358.2,138.2,Debit Card,Returned
ORD-10170,2026-01-26,CUST-1183,PROD-106,1,29.99,0.05,28.49,15.99,UPI,Cancelled
ORD-10171,2025-10-29,CUST-1153,PROD-109,1,24.5,0.0,24.5,15.5,Net Banking,Delivered
ORD-10172,2026-03-17,CUST-1117,PROD-109,1,24.5,0.0,24.5,15.5,Debit Card,Cancelled
ORD-10173,2026-07-19,CUST-1026,PROD-102,1,89.5,0.1,80.55,35.55,Credit Card,Cancelled
ORD-10174,2026-03-17,CUST-1185,PROD-104,2,39.99,0.05,75.98,39.98,Credit Card,Delivered
ORD-10175,2026-02-28,CUST-1116,PROD-104,2,39.99,0.0,79.98,43.98,Net Banking,Delivered
ORD-10176,2026-02-13,CUST-1087,PROD-108,1,64.99,0.0,64.99,34.99,UPI,Delivered
ORD-10177,2025-11-17,CUST-1107,PROD-102,4,89.5,0.05,340.1,160.1,UPI,Delivered
ORD-10178,2025-09-19,CUST-1110,PROD-106,1,29.99,0.0,29.99,17.49,UPI,Delivered
ORD-10179,2026-05-01,CUST-1096,PROD-103,1,329.0,0.05,312.55,102.55,Credit Card,Shipped
ORD-10180,2025-03-29,CUST-1018,PROD-102,3,89.5,0.0,268.5,133.5,UPI,Cancelled
ORD-10181,2025-04-09,CUST-1024,PROD-107,1,59.9,0.0,59.9,31.9,UPI,Delivered
ORD-10182,2025-05-14,CUST-1191,PROD-106,4,29.99,0.0,119.96,69.96,UPI,Delivered
ORD-10183,2026-07-30,CUST-1143,PROD-101,2,149.99,0.0,299.98,129.98,Credit Card,Shipped
ORD-10184,2025-05-06,CUST-1144,PROD-106,1,29.99,0.05,28.49,15.99,Net Banking,Cancelled
ORD-10185,2026-03-10,CUST-1106,PROD-106,1,29.99,0.0,29.99,17.49,Credit Card,Cancelled
ORD-10186,2025-10-22,CUST-1185,PROD-101,3,149.99,0.05,427.47,172.47,Credit Card,Delivered
ORD-10187,2025-12-27,CUST-1154,PROD-105,1,45.0,0.05,42.75,22.75,UPI,Delivered
ORD-10188,2026-06-04,CUST-1027,PROD-110,1,199.0,0.1,179.1,69.1,Credit Card,Shipped
ORD-10189,2026-05-09,CUST-1055,PROD-103,1,329.0,0.1,296.1,86.1,Credit Card,Delivered
ORD-10190,2025-12-25,CUST-1058,PROD-102,2,89.5,0.05,170.05,80.05,Credit Card,Delivered
ORD-10191,2025-04-28,CUST-1143,PROD-106,3,29.99,0.15,76.47,38.97,UPI,Delivered
ORD-10192,2025-08-20,CUST-1196,PROD-105,1,45.0,0.0,45.0,25.0,UPI,Shipped
ORD-10193,2026-07-25,CUST-1110,PROD-109,2,24.5,0.0,49.0,31.0,UPI,Delivered
ORD-10194,2025-10-01,CUST-1007,PROD-110,2,199.0,0.0,398.0,178.0,Credit Card,Cancelled
ORD-10195,2025-10-07,CUST-1008,PROD-103,2,329.0,0.1,592.2,172.2,Debit Card,Delivered
ORD-10196,2025-12-14,CUST-1180,PROD-105,2,45.0,0.0,90.0,50.0,Credit Card,Delivered
ORD-10197,2025-07-05,CUST-1090,PROD-101,1,149.99,0.0,149.99,64.99,Credit Card,Delivered
ORD-10198,2026-02-15,CUST-1037,PROD-110,1,199.0,0.15,169.15,59.15,UPI,Delivered
ORD-10199,2025-02-01,CUST-1018,PROD-103,3,329.0,0.1,888.3,258.3,Credit Card,Delivered
ORD-10200,2025-08-09,CUST-1024,PROD-109,3,24.5,0.0,73.5,46.5,Credit Card,Delivered
ORD-10201,2026-04-10,CUST-1097,PROD-107,2,59.9,0.05,113.81,57.81,UPI,Delivered
ORD-10202,2026-01-14,CUST-1088,PROD-103,3,329.0,0.0,987.0,357.0,Debit Card,Delivered
ORD-10203,2025-03-28,CUST-1080,PROD-106,1,29.99,0.15,25.49,12.99,UPI,Cancelled
ORD-10204,2025-06-11,CUST-1014,PROD-103,1,329.0,0.0,329.0,119.0,UPI,Delivered
ORD-10205,2025-02-20,CUST-1194,PROD-110,1,199.0,0.05,189.05,79.05,UPI,Returned
ORD-10206,2025-10-06,CUST-1173,PROD-102,1,89.5,0.05,85.02,40.02,UPI,Delivered
ORD-10207,2026-05-13,CUST-1114,PROD-107,2,59.9,0.0,119.8,63.8,Credit Card,Delivered
ORD-10208,2026-03-01,CUST-1156,PROD-108,3,64.99,0.05,185.22,95.22,Net Banking,Delivered
ORD-10209,2026-06-09,CUST-1070,PROD-104,1,39.99,0.05,37.99,19.99,UPI,Delivered
ORD-10210,2026-03-17,CUST-1030,PROD-106,2,29.99,0.0,59.98,34.98,Credit Card,Delivered
ORD-10211,2026-05-14,CUST-1029,PROD-105,3,45.0,0.15,114.75,54.75,UPI,Delivered
ORD-10212,2025-02-16,CUST-1135,PROD-105,2,45.0,0.05,85.5,45.5,UPI,Delivered
ORD-10213,2025-02-26,CUST-1057,PROD-107,1,59.9,0.0,59.9,31.9,UPI,Delivered
ORD-10214,2025-11-05,CUST-1002,PROD-104,1,39.99,0.1,35.99,17.99,Credit Card,Delivered
ORD-10215,2025-09-19,CUST-1055,PROD-103,2,329.0,0.0,658.0,238.0,Net Banking,Delivered
ORD-10216,2025-05-03,CUST-1075,PROD-106,1,29.99,0.1,26.99,14.49,Credit Card,Delivered
ORD-10217,2026-03-17,CUST-1002,PROD-108,4,64.99,0.0,259.96,139.96,Debit Card,Cancelled
ORD-10218,2026-01-25,CUST-1045,PROD-103,2,329.0,0.0,658.0,238.0,Credit Card,Delivered
ORD-10219,2026-05-28,CUST-1137,PROD-104,1,39.99,0.1,35.99,17.99,Net Banking,Delivered
ORD-10220,2025-03-15,CUST-1144,PROD-106,2,29.99,0.0,59.98,34.98,Net Banking,Shipped
ORD-10221,2026-03-23,CUST-1102,PROD-101,1,149.99,0.0,149.99,64.99,UPI,Shipped
ORD-10222,2025-03-21,CUST-1005,PROD-108,2,64.99,0.05,123.48,63.48,Credit Card,Delivered
ORD-10223,2026-03-16,CUST-1081,PROD-110,1,199.0,0.0,199.0,89.0,Debit Card,Cancelled
ORD-10224,2026-03-04,CUST-1147,PROD-107,2,59.9,0.0,119.8,63.8,Credit Card,Delivered
ORD-10225,2026-02-19,CUST-1075,PROD-102,4,89.5,0.1,322.2,142.2,UPI,Delivered
ORD-10226,2025-06-25,CUST-1006,PROD-106,1,29.99,0.05,28.49,15.99,Net Banking,Returned
ORD-10227,2026-01-06,CUST-1159,PROD-108,3,64.99,0.1,175.47,85.47,UPI,Cancelled
ORD-10228,2025-04-19,CUST-1023,PROD-107,5,59.9,0.15,254.58,114.58,UPI,Delivered
ORD-10229,2026-02-15,CUST-1063,PROD-107,5,59.9,0.15,254.58,114.58,Credit Card,Delivered
ORD-10230,2026-02-10,CUST-1135,PROD-102,2,89.5,0.2,143.2,53.2,UPI,Cancelled
ORD-10231,2025-08-15,CUST-1080,PROD-106,3,29.99,0.0,89.97,52.47,UPI,Delivered
ORD-10232,2025-03-20,CUST-1086,PROD-103,1,329.0,0.0,329.0,119.0,UPI,Shipped
ORD-10233,2026-06-28,CUST-1131,PROD-102,1,89.5,0.15,76.08,31.08,Net Banking,Delivered
ORD-10234,2025-12-24,CUST-1131,PROD-104,2,39.99,0.05,75.98,39.98,UPI,Delivered
ORD-10235,2025-08-30,CUST-1090,PROD-103,2,329.0,0.05,625.1,205.1,Net Banking,Delivered
ORD-10236,2025-09-20,CUST-1027,PROD-103,1,329.0,0.1,296.1,86.1,Credit Card,Returned
ORD-10237,2025-06-06,CUST-1051,PROD-103,3,329.0,0.05,937.65,307.65,UPI,Shipped
ORD-10238,2025-07-01,CUST-1195,PROD-102,2,89.5,0.15,152.15,62.15,UPI,Cancelled
ORD-10239,2026-04-21,CUST-1198,PROD-108,1,64.99,0.05,61.74,31.74,Debit Card,Delivered
ORD-10240,2026-04-05,CUST-1194,PROD-110,3,199.0,0.05,567.15,237.15,Debit Card,Delivered
ORD-10241,2025-11-27,CUST-1175,PROD-110,1,199.0,0.0,199.0,89.0,Credit Card,Delivered
ORD-10242,2025-06-04,CUST-1161,PROD-106,1,29.99,0.05,28.49,15.99,UPI,Delivered
ORD-10243,2026-04-26,CUST-1113,PROD-102,5,89.5,0.1,402.75,177.75,UPI,Returned
ORD-10244,2025-10-09,CUST-1114,PROD-105,2,45.0,0.1,81.0,41.0,Credit Card,Shipped
ORD-10245,2025-12-27,CUST-1152,PROD-101,1,149.99,0.0,149.99,64.99,Credit Card,Cancelled
ORD-10246,2025-11-14,CUST-1130,PROD-102,2,89.5,0.0,179.0,89.0,Debit Card,Returned
ORD-10247,2025-02-08,CUST-1119,PROD-108,1,64.99,0.0,64.99,34.99,UPI,Delivered
ORD-10248,2025-10-21,CUST-1015,PROD-106,4,29.99,0.1,107.96,57.96,Credit Card,Delivered
ORD-10249,2026-06-04,CUST-1020,PROD-102,1,89.5,0.15,76.08,31.08,Debit Card,Delivered
ORD-10250,2026-07-22,CUST-1099,PROD-108,3,64.99,0.2,155.98,65.98,UPI,Delivered
ORD-10251,2026-04-06,CUST-1190,PROD-101,1,149.99,0.15,127.49,42.49,UPI,Shipped
ORD-10252,2025-11-26,CUST-1147,PROD-104,3,39.99,0.0,119.97,65.97,Credit Card,Delivered
ORD-10253,2026-05-29,CUST-1155,PROD-108,1,64.99,0.0,64.99,34.99,Net Banking,Cancelled
ORD-10254,2026-04-07,CUST-1039,PROD-101,3,149.99,0.05,427.47,172.47,Credit Card,Delivered
ORD-10255,2025-03-28,CUST-1027,PROD-106,4,29.99,0.2,95.97,45.97,Credit Card,Delivered
ORD-10256,2025-02-10,CUST-1130,PROD-103,2,329.0,0.05,625.1,205.1,Debit Card,Delivered
ORD-10257,2026-03-26,CUST-1064,PROD-108,3,64.99,0.0,194.97,104.97,Credit Card,Returned
ORD-10258,2025-06-12,CUST-1135,PROD-109,1,24.5,0.15,20.82,11.82,Net Banking,Delivered
ORD-10259,2025-10-17,CUST-1094,PROD-106,3,29.99,0.0,89.97,52.47,Credit Card,Delivered
ORD-10260,2025-12-13,CUST-1100,PROD-107,1,59.9,0.15,50.92,22.92,Credit Card,Returned
ORD-10261,2025-02-23,CUST-1174,PROD-110,2,199.0,0.05,378.1,158.1,Credit Card,Delivered
ORD-10262,2025-03-09,CUST-1162,PROD-106,1,29.99,0.0,29.99,17.49,UPI,Delivered
ORD-10263,2026-07-26,CUST-1085,PROD-102,2,89.5,0.2,143.2,53.2,Credit Card,Delivered
ORD-10264,2025-10-18,CUST-1174,PROD-107,1,59.9,0.15,50.92,22.92,UPI,Cancelled
ORD-10265,2025-06-03,CUST-1065,PROD-110,2,199.0,0.1,358.2,138.2,Credit Card,Delivered
ORD-10266,2025-05-25,CUST-1086,PROD-102,2,89.5,0.15,152.15,62.15,UPI,Delivered
ORD-10267,2026-02-06,CUST-1090,PROD-105,3,45.0,0.0,135.0,75.0,Credit Card,Delivered
ORD-10268,2025-03-28,CUST-1034,PROD-110,1,199.0,0.0,199.0,89.0,Debit Card,Delivered
ORD-10269,2026-01-21,CUST-1080,PROD-109,2,24.5,0.1,44.1,26.1,Credit Card,Delivered
ORD-10270,2025-05-11,CUST-1165,PROD-106,4,29.99,0.05,113.96,63.96,Net Banking,Delivered
ORD-10271,2025-04-06,CUST-1172,PROD-109,1,24.5,0.0,24.5,15.5,UPI,Returned
ORD-10272,2026-06-05,CUST-1166,PROD-107,1,59.9,0.05,56.9,28.9,Net Banking,Delivered
ORD-10273,2026-01-07,CUST-1093,PROD-101,1,149.99,0.0,149.99,64.99,UPI,Delivered
ORD-10274,2025-08-08,CUST-1080,PROD-103,2,329.0,0.0,658.0,238.0,Credit Card,Shipped
ORD-10275,2025-07-16,CUST-1088,PROD-108,2,64.99,0.0,129.98,69.98,Net Banking,Delivered
ORD-10276,2025-06-08,CUST-1058,PROD-103,1,329.0,0.1,296.1,86.1,Credit Card,Returned
ORD-10277,2025-04-14,CUST-1020,PROD-105,4,45.0,0.0,180.0,100.0,Debit Card,Delivered
ORD-10278,2026-06-24,CUST-1130,PROD-109,1,24.5,0.0,24.5,15.5,UPI,Cancelled
ORD-10279,2025-05-15,CUST-1010,PROD-106,2,29.99,0.05,56.98,31.98,Credit Card,Delivered
ORD-10280,2025-06-07,CUST-1153,PROD-107,3,59.9,0.2,143.76,59.76,UPI,Delivered
ORD-10281,2025-06-19,CUST-1042,PROD-103,2,329.0,0.0,658.0,238.0,Net Banking,Returned
ORD-10282,2025-02-14,CUST-1185,PROD-108,1,64.99,0.1,58.49,28.49,Credit Card,Delivered
ORD-10283,2025-09-01,CUST-1106,PROD-106,1,29.99,0.0,29.99,17.49,Credit Card,Delivered
ORD-10284,2025-10-19,CUST-1114,PROD-110,5,199.0,0.05,945.25,395.25,UPI,Returned
ORD-10285,2025-08-28,CUST-1193,PROD-108,2,64.99,0.1,116.98,56.98,Credit Card,Delivered
ORD-10286,2025-11-13,CUST-1137,PROD-104,2,39.99,0.0,79.98,43.98,Credit Card,Delivered
ORD-10287,2026-01-12,CUST-1121,PROD-104,4,39.99,0.0,159.96,87.96,UPI,Shipped
ORD-10288,2026-03-28,CUST-1174,PROD-110,3,199.0,0.15,507.45,177.45,Debit Card,Delivered
ORD-10289,2026-01-27,CUST-1119,PROD-105,1,45.0,0.2,36.0,16.0,UPI,Delivered
ORD-10290,2026-03-05,CUST-1129,PROD-109,2,24.5,0.1,44.1,26.1,Credit Card,Delivered
ORD-10291,2025-05-22,CUST-1042,PROD-104,2,39.99,0.0,79.98,43.98,Net Banking,Delivered
ORD-10292,2026-05-08,CUST-1065,PROD-101,4,149.99,0.0,599.96,259.96,Net Banking,Shipped
ORD-10293,2025-04-16,CUST-1096,PROD-109,1,24.5,0.05,23.28,14.28,UPI,Returned
ORD-10294,2025-05-08,CUST-1183,PROD-109,2,24.5,0.0,49.0,31.0,Credit Card,Delivered
ORD-10295,2025-06-14,CUST-1073,PROD-102,4,89.5,0.0,358.0,178.0,UPI,Cancelled
ORD-10296,2026-06-10,CUST-1070,PROD-108,1,64.99,0.0,64.99,34.99,UPI,Delivered
ORD-10297,2025-04-04,CUST-1038,PROD-107,2,59.9,0.0,119.8,63.8,Credit Card,Cancelled
ORD-10298,2025-12-24,CUST-1057,PROD-108,2,64.99,0.0,129.98,69.98,Net Banking,Delivered
ORD-10299,2025-02-24,CUST-1007,PROD-107,5,59.9,0.0,299.5,159.5,UPI,Cancelled
ORD-10300,2026-01-18,CUST-1102,PROD-109,1,24.5,0.05,23.28,14.28,UPI,Delivered
ORD-10301,2025-03-25,CUST-1061,PROD-107,2,59.9,0.15,101.83,45.83,Net Banking,Delivered
ORD-10302,2025-01-29,CUST-1096,PROD-104,1,39.99,0.0,39.99,21.99,Credit Card,Delivered
ORD-10303,2025-12-10,CUST-1082,PROD-102,2,89.5,0.0,179.0,89.0,UPI,Delivered
ORD-10304,2025-02-09,CUST-1038,PROD-103,2,329.0,0.05,625.1,205.1,Credit Card,Delivered
ORD-10305,2025-05-23,CUST-1074,PROD-108,1,64.99,0.05,61.74,31.74,Net Banking,Cancelled
ORD-10306,2026-04-05,CUST-1195,PROD-108,1,64.99,0.0,64.99,34.99,Credit Card,Delivered
ORD-10307,2025-03-23,CUST-1158,PROD-101,5,149.99,0.0,749.95,324.95,UPI,Returned
ORD-10308,2025-08-09,CUST-1005,PROD-105,1,45.0,0.0,45.0,25.0,Credit Card,Delivered
ORD-10309,2026-06-25,CUST-1039,PROD-109,1,24.5,0.15,20.82,11.82,UPI,Delivered
ORD-10310,2025-10-23,CUST-1109,PROD-102,1,89.5,0.05,85.02,40.02,UPI,Delivered
ORD-10311,2025-05-05,CUST-1061,PROD-105,2,45.0,0.1,81.0,41.0,UPI,Returned
ORD-10312,2026-03-06,CUST-1013,PROD-104,1,39.99,0.15,33.99,15.99,UPI,Delivered
ORD-10313,2026-04-14,CUST-1164,PROD-110,2,199.0,0.05,378.1,158.1,Credit Card,Delivered
ORD-10314,2026-05-27,CUST-1017,PROD-102,2,89.5,0.0,179.0,89.0,Credit Card,Returned
ORD-10315,2025-01-17,CUST-1153,PROD-109,2,24.5,0.05,46.55,28.55,UPI,Delivered
ORD-10316,2025-09-05,CUST-1162,PROD-109,5,24.5,0.0,122.5,77.5,Credit Card,Returned
ORD-10317,2025-10-26,CUST-1184,PROD-103,1,329.0,0.0,329.0,119.0,Credit Card,Cancelled
ORD-10318,2025-12-28,CUST-1110,PROD-101,2,149.99,0.0,299.98,129.98,Debit Card,Delivered
ORD-10319,2026-03-03,CUST-1062,PROD-110,1,199.0,0.0,199.0,89.0,UPI,Shipped
ORD-10320,2026-06-21,CUST-1048,PROD-102,1,89.5,0.0,89.5,44.5,Credit Card,Delivered
ORD-10321,2026-06-23,CUST-1093,PROD-102,1,89.5,0.2,71.6,26.6,UPI,Delivered
ORD-10322,2026-06-04,CUST-1140,PROD-109,2,24.5,0.1,44.1,26.1,Net Banking,Delivered
ORD-10323,2026-02-04,CUST-1142,PROD-101,1,149.99,0.15,127.49,42.49,UPI,Delivered
ORD-10324,2026-02-01,CUST-1121,PROD-101,1,149.99,0.0,149.99,64.99,UPI,Returned
ORD-10325,2025-01-17,CUST-1096,PROD-105,3,45.0,0.05,128.25,68.25,Credit Card,Delivered
ORD-10326,2025-12-20,CUST-1092,PROD-102,1,89.5,0.0,89.5,44.5,Credit Card,Delivered
ORD-10327,2025-12-07,CUST-1062,PROD-102,2,89.5,0.1,161.1,71.1,Credit Card,Delivered
ORD-10328,2025-12-27,CUST-1035,PROD-101,3,149.99,0.0,449.97,194.97,Credit Card,Cancelled
ORD-10329,2025-06-29,CUST-1140,PROD-106,2,29.99,0.05,56.98,31.98,Credit Card,Delivered
ORD-10330,2026-05-06,CUST-1200,PROD-108,1,64.99,0.15,55.24,25.24,UPI,Returned
ORD-10331,2025-05-19,CUST-1162,PROD-103,1,329.0,0.05,312.55,102.55,Credit Card,Delivered
ORD-10332,2025-02-07,CUST-1017,PROD-108,1,64.99,0.0,64.99,34.99,Net Banking,Shipped
ORD-10333,2025-02-14,CUST-1076,PROD-104,1,39.99,0.1,35.99,17.99,Credit Card,Shipped
ORD-10334,2025-11-20,CUST-1052,PROD-101,1,149.99,0.0,149.99,64.99,Net Banking,Cancelled
ORD-10335,2026-02-12,CUST-1080,PROD-109,1,24.5,0.05,23.28,14.28,Credit Card,Cancelled
ORD-10336,2025-09-17,CUST-1140,PROD-108,1,64.99,0.05,61.74,31.74,UPI,Delivered
ORD-10337,2025-10-20,CUST-1010,PROD-104,2,39.99,0.0,79.98,43.98,Credit Card,Delivered
ORD-10338,2025-12-06,CUST-1092,PROD-101,2,149.99,0.0,299.98,129.98,UPI,Delivered
ORD-10339,2026-01-12,CUST-1070,PROD-102,3,89.5,0.1,241.65,106.65,UPI,Returned
ORD-10340,2026-03-27,CUST-1112,PROD-107,2,59.9,0.05,113.81,57.81,Credit Card,Cancelled
ORD-10341,2025-07-11,CUST-1099,PROD-106,1,29.99,0.05,28.49,15.99,Debit Card,Shipped
ORD-10342,2026-01-12,CUST-1128,PROD-108,2,64.99,0.0,129.98,69.98,Credit Card,Delivered
ORD-10343,2025-03-26,CUST-1133,PROD-105,1,45.0,0.05,42.75,22.75,Credit Card,Delivered
ORD-10344,2025-03-22,CUST-1187,PROD-107,1,59.9,0.05,56.9,28.9,UPI,Cancelled
ORD-10345,2025-07-04,CUST-1111,PROD-110,4,199.0,0.05,756.2,316.2,Net Banking,Returned
ORD-10346,2025-11-25,CUST-1140,PROD-105,1,45.0,0.05,42.75,22.75,Credit Card,Cancelled
ORD-10347,2025-12-02,CUST-1027,PROD-102,1,89.5,0.0,89.5,44.5,Credit Card,Delivered
ORD-10348,2025-11-10,CUST-1170,PROD-105,1,45.0,0.1,40.5,20.5,Debit Card,Delivered
ORD-10349,2026-03-13,CUST-1115,PROD-110,2,199.0,0.0,398.0,178.0,Credit Card,Returned
ORD-10350,2025-12-26,CUST-1043,PROD-108,1,64.99,0.1,58.49,28.49,Net Banking,Delivered
ORD-10351,2025-12-28,CUST-1115,PROD-101,1,149.99,0.0,149.99,64.99,Credit Card,Delivered
ORD-10352,2025-10-09,CUST-1158,PROD-107,3,59.9,0.05,170.71,86.71,Credit Card,Delivered
ORD-10353,2025-03-18,CUST-1164,PROD-101,2,149.99,0.1,269.98,99.98,Credit Card,Cancelled
ORD-10354,2026-01-08,CUST-1172,PROD-107,1,59.9,0.1,53.91,25.91,Credit Card,Delivered
ORD-10355,2025-02-01,CUST-1132,PROD-103,1,329.0,0.05,312.55,102.55,Credit Card,Delivered
ORD-10356,2026-03-25,CUST-1037,PROD-110,1,199.0,0.15,169.15,59.15,Net Banking,Shipped
ORD-10357,2025-03-10,CUST-1009,PROD-103,1,329.0,0.0,329.0,119.0,UPI,Cancelled
ORD-10358,2026-01-06,CUST-1061,PROD-106,1,29.99,0.1,26.99,14.49,Net Banking,Delivered
ORD-10359,2025-02-03,CUST-1099,PROD-110,3,199.0,0.0,597.0,267.0,Net Banking,Delivered
ORD-10360,2026-04-06,CUST-1155,PROD-103,1,329.0,0.05,312.55,102.55,Credit Card,Returned
ORD-10361,2026-03-31,CUST-1095,PROD-106,2,29.99,0.05,56.98,31.98,UPI,Delivered
ORD-10362,2025-05-21,CUST-1196,PROD-102,1,89.5,0.05,85.02,40.02,Credit Card,Delivered
ORD-10363,2026-02-12,CUST-1136,PROD-106,1,29.99,0.0,29.99,17.49,UPI,Cancelled
ORD-10364,2025-09-13,CUST-1081,PROD-105,2,45.0,0.1,81.0,41.0,UPI,Shipped
ORD-10365,2025-07-10,CUST-1030,PROD-101,3,149.99,0.05,427.47,172.47,UPI,Shipped
ORD-10366,2026-02-01,CUST-1128,PROD-109,3,24.5,0.0,73.5,46.5,Credit Card,Shipped
ORD-10367,2025-09-26,CUST-1144,PROD-102,1,89.5,0.05,85.02,40.02,Credit Card,Returned
ORD-10368,2026-04-02,CUST-1199,PROD-105,3,45.0,0.1,121.5,61.5,Debit Card,Shipped
ORD-10369,2025-10-20,CUST-1055,PROD-110,3,199.0,0.05,567.15,237.15,Net Banking,Shipped
ORD-10370,2025-07-24,CUST-1178,PROD-108,3,64.99,0.0,194.97,104.97,Debit Card,Returned
ORD-10371,2025-03-17,CUST-1032,PROD-103,1,329.0,0.05,312.55,102.55,Credit Card,Cancelled
ORD-10372,2026-04-01,CUST-1116,PROD-103,1,329.0,0.0,329.0,119.0,Credit Card,Delivered
ORD-10373,2025-12-22,CUST-1023,PROD-106,4,29.99,0.05,113.96,63.96,UPI,Delivered
ORD-10374,2026-07-18,CUST-1182,PROD-102,2,89.5,0.1,161.1,71.1,Credit Card,Delivered
ORD-10375,2025-11-04,CUST-1139,PROD-105,3,45.0,0.05,128.25,68.25,Credit Card,Delivered
ORD-10376,2026-01-06,CUST-1041,PROD-103,1,329.0,0.05,312.55,102.55,UPI,Delivered
ORD-10377,2025-05-05,CUST-1131,PROD-104,2,39.99,0.0,79.98,43.98,Debit Card,Delivered
ORD-10378,2025-08-31,CUST-1052,PROD-103,1,329.0,0.1,296.1,86.1,Credit Card,Shipped
ORD-10379,2026-01-05,CUST-1127,PROD-101,2,149.99,0.2,239.98,69.98,UPI,Cancelled
ORD-10380,2026-01-13,CUST-1142,PROD-110,2,199.0,0.05,378.1,158.1,Net Banking,Returned
ORD-10381,2025-05-13,CUST-1120,PROD-109,2,24.5,0.05,46.55,28.55,Net Banking,Delivered
ORD-10382,2025-03-09,CUST-1157,PROD-102,1,89.5,0.1,80.55,35.55,Credit Card,Delivered
ORD-10383,2026-05-06,CUST-1080,PROD-107,3,59.9,0.1,161.73,77.73,Net Banking,Delivered
ORD-10384,2026-02-24,CUST-1135,PROD-107,2,59.9,0.05,113.81,57.81,UPI,Returned
ORD-10385,2025-05-09,CUST-1148,PROD-102,1,89.5,0.15,76.08,31.08,UPI,Shipped
ORD-10386,2026-04-06,CUST-1082,PROD-102,1,89.5,0.0,89.5,44.5,UPI,Delivered
ORD-10387,2025-12-19,CUST-1120,PROD-109,1,24.5,0.05,23.28,14.28,Credit Card,Shipped
ORD-10388,2025-07-06,CUST-1033,PROD-109,2,24.5,0.05,46.55,28.55,Debit Card,Delivered
ORD-10389,2026-03-20,CUST-1197,PROD-103,2,329.0,0.1,592.2,172.2,UPI,Shipped
ORD-10390,2025-05-08,CUST-1129,PROD-101,2,149.99,0.1,269.98,99.98,Debit Card,Delivered
ORD-10391,2025-11-08,CUST-1133,PROD-103,3,329.0,0.05,937.65,307.65,Credit Card,Returned
ORD-10392,2025-11-27,CUST-1043,PROD-103,2,329.0,0.0,658.0,238.0,UPI,Delivered
ORD-10393,2025-12-21,CUST-1182,PROD-104,1,39.99,0.0,39.99,21.99,Credit Card,Delivered
ORD-10394,2025-03-22,CUST-1133,PROD-105,2,45.0,0.05,85.5,45.5,Net Banking,Delivered
ORD-10395,2026-07-19,CUST-1065,PROD-104,3,39.99,0.0,119.97,65.97,UPI,Cancelled
ORD-10396,2025-11-07,CUST-1071,PROD-103,2,329.0,0.1,592.2,172.2,Credit Card,Delivered
ORD-10397,2025-04-06,CUST-1158,PROD-109,1,24.5,0.1,22.05,13.05,Debit Card,Delivered
ORD-10398,2025-06-07,CUST-1129,PROD-103,1,329.0,0.2,263.2,53.2,UPI,Delivered
ORD-10399,2025-12-12,CUST-1044,PROD-110,1,199.0,0.05,189.05,79.05,Debit Card,Shipped
ORD-10400,2025-01-30,CUST-1145,PROD-101,2,149.99,0.1,269.98,99.98,Credit Card,Delivered
ORD-10401,2025-09-29,CUST-1021,PROD-101,1,149.99,0.05,142.49,57.49,Net Banking,Delivered
ORD-10402,2026-03-03,CUST-1167,PROD-104,1,39.99,0.2,31.99,13.99,UPI,Cancelled
ORD-10403,2026-05-25,CUST-1159,PROD-101,1,149.99,0.0,149.99,64.99,Credit Card,Shipped
ORD-10404,2025-10-24,CUST-1161,PROD-109,2,24.5,0.1,44.1,26.1,Credit Card,Cancelled
ORD-10405,2026-05-10,CUST-1165,PROD-105,2,45.0,0.05,85.5,45.5,Credit Card,Returned
ORD-10406,2025-11-01,CUST-1063,PROD-107,3,59.9,0.05,170.71,86.71,UPI,Delivered
ORD-10407,2025-03-03,CUST-1117,PROD-102,2,89.5,0.0,179.0,89.0,Credit Card,Delivered
ORD-10408,2026-03-02,CUST-1041,PROD-108,1,64.99,0.0,64.99,34.99,Credit Card,Delivered
ORD-10409,2025-07-28,CUST-1124,PROD-108,2,64.99,0.0,129.98,69.98,Credit Card,Returned
ORD-10410,2025-05-28,CUST-1088,PROD-110,4,199.0,0.15,676.6,236.6,Credit Card,Cancelled
ORD-10411,2025-12-20,CUST-1081,PROD-106,1,29.99,0.2,23.99,11.49,Net Banking,Delivered
ORD-10412,2026-01-15,CUST-1103,PROD-103,2,329.0,0.0,658.0,238.0,UPI,Shipped
ORD-10413,2025-04-19,CUST-1132,PROD-109,1,24.5,0.15,20.82,11.82,Net Banking,Cancelled
ORD-10414,2026-04-23,CUST-1082,PROD-104,1,39.99,0.0,39.99,21.99,Net Banking,Returned
ORD-10415,2026-04-06,CUST-1032,PROD-105,1,45.0,0.0,45.0,25.0,UPI,Delivered
ORD-10416,2025-04-10,CUST-1064,PROD-103,4,329.0,0.05,1250.2,410.2,Debit Card,Delivered
ORD-10417,2026-01-29,CUST-1013,PROD-105,1,45.0,0.15,38.25,18.25,Debit Card,Cancelled
ORD-10418,2025-09-12,CUST-1158,PROD-107,1,59.9,0.15,50.92,22.92,Net Banking,Delivered
ORD-10419,2025-11-17,CUST-1041,PROD-106,2,29.99,0.0,59.98,34.98,Credit Card,Shipped
ORD-10420,2026-05-26,CUST-1049,PROD-103,1,329.0,0.05,312.55,102.55,UPI,Returned
ORD-10421,2026-05-26,CUST-1132,PROD-108,4,64.99,0.05,246.96,126.96,Debit Card,Delivered
ORD-10422,2025-01-24,CUST-1079,PROD-108,1,64.99,0.05,61.74,31.74,UPI,Delivered
ORD-10423,2026-06-02,CUST-1024,PROD-107,3,59.9,0.0,179.7,95.7,Credit Card,Delivered
ORD-10424,2025-08-09,CUST-1118,PROD-104,2,39.99,0.0,79.98,43.98,Credit Card,Delivered
ORD-10425,2025-02-19,CUST-1150,PROD-106,1,29.99,0.0,29.99,17.49,UPI,Delivered
ORD-10426,2026-05-22,CUST-1013,PROD-105,1,45.0,0.1,40.5,20.5,Debit Card,Delivered
ORD-10427,2025-10-20,CUST-1153,PROD-108,1,64.99,0.0,64.99,34.99,Net Banking,Cancelled
ORD-10428,2025-04-21,CUST-1138,PROD-101,1,149.99,0.1,134.99,49.99,Credit Card,Delivered
ORD-10429,2025-09-28,CUST-1111,PROD-103,2,329.0,0.0,658.0,238.0,Credit Card,Delivered
ORD-10430,2026-02-17,CUST-1187,PROD-106,1,29.99,0.05,28.49,15.99,UPI,Returned
ORD-10431,2026-02-15,CUST-1094,PROD-101,2,149.99,0.1,269.98,99.98,UPI,Shipped
ORD-10432,2026-07-30,CUST-1014,PROD-110,1,199.0,0.05,189.05,79.05,UPI,Returned
ORD-10433,2026-07-21,CUST-1050,PROD-106,2,29.99,0.1,53.98,28.98,Credit Card,Delivered
ORD-10434,2026-01-31,CUST-1074,PROD-102,1,89.5,0.05,85.02,40.02,Net Banking,Shipped
ORD-10435,2026-07-18,CUST-1130,PROD-108,2,64.99,0.0,129.98,69.98,UPI,Delivered
ORD-10436,2025-05-02,CUST-1072,PROD-110,1,199.0,0.1,179.1,69.1,UPI,Shipped
ORD-10437,2026-02-08,CUST-1033,PROD-102,3,89.5,0.2,214.8,79.8,UPI,Delivered
ORD-10438,2026-07-26,CUST-1096,PROD-106,1,29.99,0.05,28.49,15.99,UPI,Returned
ORD-10439,2025-07-23,CUST-1094,PROD-103,1,329.0,0.0,329.0,119.0,Net Banking,Delivered
ORD-10440,2026-02-16,CUST-1155,PROD-109,2,24.5,0.1,44.1,26.1,UPI,Shipped
ORD-10441,2025-02-16,CUST-1129,PROD-101,1,149.99,0.1,134.99,49.99,Net Banking,Delivered
ORD-10442,2025-12-08,CUST-1010,PROD-103,1,329.0,0.1,296.1,86.1,Debit Card,Delivered
ORD-10443,2026-04-13,CUST-1122,PROD-109,1,24.5,0.0,24.5,15.5,Net Banking,Delivered
ORD-10444,2026-06-12,CUST-1039,PROD-110,1,199.0,0.1,179.1,69.1,Net Banking,Returned
ORD-10445,2025-11-23,CUST-1036,PROD-106,2,29.99,0.15,50.98,25.98,UPI,Returned
ORD-10446,2025-11-03,CUST-1042,PROD-107,3,59.9,0.05,170.71,86.71,Net Banking,Shipped
ORD-10447,2026-06-04,CUST-1152,PROD-106,2,29.99,0.05,56.98,31.98,UPI,Shipped
ORD-10448,2026-05-17,CUST-1131,PROD-109,1,24.5,0.1,22.05,13.05,UPI,Delivered
ORD-10449,2025-11-03,CUST-1182,PROD-110,1,199.0,0.0,199.0,89.0,Debit Card,Shipped
ORD-10450,2026-01-13,CUST-1122,PROD-101,1,149.99,0.05,142.49,57.49,Debit Card,Delivered
ORD-10451,2026-03-03,CUST-1085,PROD-102,2,89.5,0.1,161.1,71.1,Credit Card,Delivered
ORD-10452,2025-01-28,CUST-1150,PROD-105,1,45.0,0.05,42.75,22.75,Net Banking,Delivered
ORD-10453,2025-09-29,CUST-1153,PROD-108,1,64.99,0.0,64.99,34.99,Debit Card,Returned
ORD-10454,2025-08-22,CUST-1168,PROD-110,2,199.0,0.0,398.0,178.0,Debit Card,Returned
ORD-10455,2026-05-07,CUST-1185,PROD-101,1,149.99,0.0,149.99,64.99,UPI,Cancelled
ORD-10456,2026-01-25,CUST-1044,PROD-109,1,24.5,0.2,19.6,10.6,UPI,Returned
ORD-10457,2025-02-02,CUST-1038,PROD-104,4,39.99,0.1,143.96,71.96,Credit Card,Delivered
ORD-10458,2025-07-15,CUST-1147,PROD-102,2,89.5,0.05,170.05,80.05,UPI,Delivered
ORD-10459,2025-11-18,CUST-1005,PROD-108,1,64.99,0.0,64.99,34.99,Credit Card,Delivered
ORD-10460,2026-02-27,CUST-1108,PROD-103,1,329.0,0.0,329.0,119.0,UPI,Delivered
ORD-10461,2026-02-25,CUST-1177,PROD-104,1,39.99,0.0,39.99,21.99,Credit Card,Delivered
ORD-10462,2026-04-28,CUST-1129,PROD-110,1,199.0,0.0,199.0,89.0,Net Banking,Shipped
ORD-10463,2025-05-22,CUST-1189,PROD-101,1,149.99,0.1,134.99,49.99,Net Banking,Delivered
ORD-10464,2026-07-29,CUST-1133,PROD-104,1,39.99,0.05,37.99,19.99,UPI,Cancelled
ORD-10465,2026-06-23,CUST-1084,PROD-108,1,64.99,0.1,58.49,28.49,UPI,Returned
ORD-10466,2025-06-27,CUST-1097,PROD-106,1,29.99,0.0,29.99,17.49,Credit Card,Cancelled
ORD-10467,2025-12-17,CUST-1118,PROD-109,5,24.5,0.15,104.12,59.12,Credit Card,Delivered
ORD-10468,2025-09-28,CUST-1140,PROD-106,1,29.99,0.1,26.99,14.49,Credit Card,Delivered
ORD-10469,2025-07-16,CUST-1157,PROD-108,1,64.99,0.05,61.74,31.74,Net Banking,Shipped
ORD-10470,2026-07-26,CUST-1064,PROD-105,1,45.0,0.1,40.5,20.5,UPI,Delivered
ORD-10471,2025-11-01,CUST-1077,PROD-104,1,39.99,0.05,37.99,19.99,UPI,Returned
ORD-10472,2025-08-01,CUST-1198,PROD-105,2,45.0,0.15,76.5,36.5,UPI,Delivered
ORD-10473,2025-11-21,CUST-1177,PROD-108,2,64.99,0.1,116.98,56.98,UPI,Delivered
ORD-10474,2026-07-28,CUST-1123,PROD-106,5,29.99,0.0,149.95,87.45,UPI,Delivered
ORD-10475,2025-10-22,CUST-1185,PROD-105,2,45.0,0.0,90.0,50.0,UPI,Cancelled
ORD-10476,2026-07-11,CUST-1032,PROD-110,2,199.0,0.0,398.0,178.0,Credit Card,Shipped
ORD-10477,2025-12-20,CUST-1098,PROD-107,2,59.9,0.05,113.81,57.81,Net Banking,Delivered
ORD-10478,2025-10-25,CUST-1198,PROD-103,1,329.0,0.1,296.1,86.1,Credit Card,Delivered
ORD-10479,2025-03-22,CUST-1011,PROD-105,2,45.0,0.1,81.0,41.0,Net Banking,Returned
ORD-10480,2025-09-20,CUST-1089,PROD-108,1,64.99,0.15,55.24,25.24,Debit Card,Delivered
ORD-10481,2025-08-08,CUST-1192,PROD-108,1,64.99,0.05,61.74,31.74,Net Banking,Cancelled
ORD-10482,2025-10-05,CUST-1052,PROD-109,2,24.5,0.0,49.0,31.0,UPI,Returned
ORD-10483,2025-05-21,CUST-1144,PROD-105,1,45.0,0.05,42.75,22.75,Credit Card,Delivered
ORD-10484,2025-09-03,CUST-1028,PROD-110,1,199.0,0.05,189.05,79.05,Net Banking,Shipped
ORD-10485,2026-06-28,CUST-1063,PROD-101,2,149.99,0.0,299.98,129.98,UPI,Returned
ORD-10486,2025-02-23,CUST-1058,PROD-104,2,39.99,0.0,79.98,43.98,UPI,Cancelled
ORD-10487,2025-12-05,CUST-1026,PROD-107,3,59.9,0.0,179.7,95.7,Net Banking,Delivered
ORD-10488,2025-04-13,CUST-1184,PROD-108,2,64.99,0.0,129.98,69.98,UPI,Delivered
ORD-10489,2025-01-06,CUST-1175,PROD-103,2,329.0,0.1,592.2,172.2,Net Banking,Delivered
ORD-10490,2026-02-21,CUST-1141,PROD-103,1,329.0,0.0,329.0,119.0,Credit Card,Returned
ORD-10491,2026-05-04,CUST-1168,PROD-108,1,64.99,0.0,64.99,34.99,Credit Card,Delivered
ORD-10492,2025-10-22,CUST-1167,PROD-104,2,39.99,0.2,63.98,27.98,Debit Card,Shipped
ORD-10493,2025-03-02,CUST-1083,PROD-105,1,45.0,0.05,42.75,22.75,UPI,Returned
ORD-10494,2025-08-26,CUST-1197,PROD-102,1,89.5,0.05,85.02,40.02,Net Banking,Delivered
ORD-10495,2025-06-29,CUST-1137,PROD-101,2,149.99,0.2,239.98,69.98,Credit Card,Delivered
ORD-10496,2025-02-07,CUST-1107,PROD-103,1,329.0,0.0,329.0,119.0,Credit Card,Delivered
ORD-10497,2025-07-10,CUST-1102,PROD-108,2,64.99,0.05,123.48,63.48,UPI,Delivered
ORD-10498,2025-02-08,CUST-1192,PROD-105,1,45.0,0.15,38.25,18.25,Credit Card,Cancelled
ORD-10499,2025-04-20,CUST-1003,PROD-105,1,45.0,0.0,45.0,25.0,UPI,Delivered
ORD-10500,2026-04-11,CUST-1086,PROD-105,3,45.0,0.05,128.25,68.25,UPI,Cancelled
ORD-10501,2026-06-21,CUST-1165,PROD-109,2,24.5,0.0,49.0,31.0,Debit Card,Delivered
ORD-10502,2026-06-01,CUST-1127,PROD-103,1,329.0,0.1,296.1,86.1,Net Banking,Cancelled
ORD-10503,2025-07-17,CUST-1120,PROD-105,1,45.0,0.0,45.0,25.0,Credit Card,Delivered
ORD-10504,2025-06-16,CUST-1029,PROD-106,2,29.99,0.2,47.98,22.98,Credit Card,Delivered
ORD-10505,2025-09-21,CUST-1188,PROD-108,1,64.99,0.0,64.99,34.99,Credit Card,Returned
ORD-10506,2025-01-15,CUST-1184,PROD-103,3,329.0,0.0,987.0,357.0,Credit Card,Cancelled
ORD-10507,2025-10-30,CUST-1189,PROD-106,1,29.99,0.1,26.99,14.49,Credit Card,Delivered
ORD-10508,2025-06-29,CUST-1146,PROD-104,1,39.99,0.0,39.99,21.99,Credit Card,Delivered
ORD-10509,2026-03-14,CUST-1157,PROD-107,2,59.9,0.0,119.8,63.8,Credit Card,Delivered
ORD-10510,2025-03-30,CUST-1132,PROD-106,1,29.99,0.15,25.49,12.99,Credit Card,Delivered
ORD-10511,2025-07-09,CUST-1103,PROD-102,4,89.5,0.05,340.1,160.1,Debit Card,Delivered
ORD-10512,2025-11-28,CUST-1036,PROD-108,3,64.99,0.1,175.47,85.47,UPI,Shipped
ORD-10513,2025-09-25,CUST-1064,PROD-101,5,149.99,0.0,749.95,324.95,UPI,Delivered
ORD-10514,2026-04-03,CUST-1099,PROD-104,1,39.99,0.0,39.99,21.99,Credit Card,Shipped
ORD-10515,2025-12-04,CUST-1193,PROD-105,2,45.0,0.0,90.0,50.0,Credit Card,Delivered
ORD-10516,2025-01-12,CUST-1078,PROD-110,2,199.0,0.05,378.1,158.1,Credit Card,Cancelled
ORD-10517,2025-08-30,CUST-1067,PROD-106,2,29.99,0.05,56.98,31.98,Credit Card,Delivered
ORD-10518,2026-04-22,CUST-1016,PROD-102,1,89.5,0.05,85.02,40.02,Net Banking,Delivered
ORD-10519,2026-02-20,CUST-1079,PROD-103,2,329.0,0.0,658.0,238.0,UPI,Delivered
ORD-10520,2025-11-15,CUST-1176,PROD-109,1,24.5,0.0,24.5,15.5,UPI,Delivered
ORD-10521,2025-10-30,CUST-1177,PROD-102,2,89.5,0.05,170.05,80.05,UPI,Shipped
ORD-10522,2025-08-15,CUST-1095,PROD-110,2,199.0,0.0,398.0,178.0,Net Banking,Cancelled
ORD-10523,2026-05-05,CUST-1057,PROD-103,3,329.0,0.05,937.65,307.65,Credit Card,Returned
ORD-10524,2026-01-18,CUST-1040,PROD-108,1,64.99,0.0,64.99,34.99,Net Banking,Delivered
ORD-10525,2026-04-28,CUST-1107,PROD-109,1,24.5,0.1,22.05,13.05,UPI,Shipped
ORD-10526,2025-08-12,CUST-1194,PROD-109,2,24.5,0.0,49.0,31.0,Credit Card,Shipped
ORD-10527,2025-03-25,CUST-1196,PROD-104,1,39.99,0.2,31.99,13.99,Net Banking,Returned
ORD-10528,2026-06-25,CUST-1135,PROD-108,2,64.99,0.0,129.98,69.98,Credit Card,Delivered
ORD-10529,2025-03-21,CUST-1181,PROD-106,2,29.99,0.05,56.98,31.98,Credit Card,Delivered
ORD-10530,2025-03-05,CUST-1145,PROD-102,1,89.5,0.0,89.5,44.5,Credit Card,Shipped
ORD-10531,2025-07-27,CUST-1141,PROD-109,4,24.5,0.0,98.0,62.0,UPI,Delivered
ORD-10532,2025-06-03,CUST-1147,PROD-109,2,24.5,0.05,46.55,28.55,UPI,Returned
ORD-10533,2026-06-17,CUST-1043,PROD-106,2,29.99,0.0,59.98,34.98,Net Banking,Delivered
ORD-10534,2025-07-30,CUST-1114,PROD-102,1,89.5,0.1,80.55,35.55,Net Banking,Returned
ORD-10535,2026-05-16,CUST-1184,PROD-110,2,199.0,0.0,398.0,178.0,Net Banking,Delivered
ORD-10536,2026-04-02,CUST-1024,PROD-109,5,24.5,0.0,122.5,77.5,Credit Card,Shipped
ORD-10537,2025-05-16,CUST-1015,PROD-108,2,64.99,0.1,116.98,56.98,Credit Card,Cancelled
ORD-10538,2026-04-13,CUST-1132,PROD-107,2,59.9,0.0,119.8,63.8,Net Banking,Delivered
ORD-10539,2026-07-27,CUST-1145,PROD-101,2,149.99,0.0,299.98,129.98,Debit Card,Shipped
ORD-10540,2025-01-23,CUST-1119,PROD-105,5,45.0,0.1,202.5,102.5,UPI,Delivered
ORD-10541,2025-01-04,CUST-1102,PROD-105,5,45.0,0.2,180.0,80.0,UPI,Delivered
ORD-10542,2025-03-16,CUST-1191,PROD-104,2,39.99,0.0,79.98,43.98,Credit Card,Delivered
ORD-10543,2025-12-19,CUST-1012,PROD-107,3,59.9,0.0,179.7,95.7,UPI,Shipped
ORD-10544,2026-07-09,CUST-1180,PROD-102,1,89.5,0.0,89.5,44.5,Debit Card,Cancelled
ORD-10545,2026-04-29,CUST-1016,PROD-102,2,89.5,0.0,179.0,89.0,UPI,Returned
ORD-10546,2026-02-23,CUST-1009,PROD-105,2,45.0,0.0,90.0,50.0,Credit Card,Cancelled
ORD-10547,2026-03-07,CUST-1047,PROD-103,3,329.0,0.0,987.0,357.0,Credit Card,Shipped
ORD-10548,2026-04-05,CUST-1096,PROD-107,1,59.9,0.0,59.9,31.9,UPI,Delivered
ORD-10549,2025-03-24,CUST-1097,PROD-107,1,59.9,0.0,59.9,31.9,UPI,Delivered
ORD-10550,2025-05-17,CUST-1175,PROD-109,2,24.5,0.05,46.55,28.55,UPI,Delivered
ORD-10551,2025-05-02,CUST-1168,PROD-106,3,29.99,0.05,85.47,47.97,Debit Card,Delivered
ORD-10552,2026-02-07,CUST-1046,PROD-109,1,24.5,0.1,22.05,13.05,Credit Card,Delivered
ORD-10553,2025-08-17,CUST-1136,PROD-103,2,329.0,0.0,658.0,238.0,Credit Card,Delivered
ORD-10554,2025-11-02,CUST-1001,PROD-101,2,149.99,0.2,239.98,69.98,Credit Card,Returned
ORD-10555,2026-03-11,CUST-1119,PROD-109,1,24.5,0.15,20.82,11.82,Credit Card,Returned
ORD-10556,2025-08-24,CUST-1137,PROD-107,1,59.9,0.0,59.9,31.9,Credit Card,Cancelled
ORD-10557,2025-12-21,CUST-1064,PROD-108,2,64.99,0.15,110.48,50.48,Credit Card,Delivered
ORD-10558,2025-07-13,CUST-1040,PROD-105,2,45.0,0.1,81.0,41.0,Credit Card,Delivered
ORD-10559,2025-02-02,CUST-1186,PROD-102,3,89.5,0.0,268.5,133.5,Credit Card,Delivered
ORD-10560,2025-01-17,CUST-1170,PROD-107,1,59.9,0.05,56.9,28.9,Net Banking,Cancelled
ORD-10561,2025-03-10,CUST-1062,PROD-104,1,39.99,0.2,31.99,13.99,Credit Card,Delivered
ORD-10562,2025-02-04,CUST-1026,PROD-110,1,199.0,0.05,189.05,79.05,Credit Card,Cancelled
ORD-10563,2025-02-19,CUST-1115,PROD-110,1,199.0,0.15,169.15,59.15,Credit Card,Delivered
ORD-10564,2026-02-16,CUST-1063,PROD-101,3,149.99,0.1,404.97,149.97,Net Banking,Shipped
ORD-10565,2026-07-07,CUST-1113,PROD-104,4,39.99,0.1,143.96,71.96,Credit Card,Returned
ORD-10566,2025-05-24,CUST-1056,PROD-101,2,149.99,0.05,284.98,114.98,UPI,Cancelled
ORD-10567,2025-08-28,CUST-1129,PROD-105,1,45.0,0.0,45.0,25.0,Credit Card,Delivered
ORD-10568,2025-11-23,CUST-1188,PROD-110,1,199.0,0.05,189.05,79.05,Credit Card,Delivered
ORD-10569,2025-11-25,CUST-1148,PROD-110,1,199.0,0.0,199.0,89.0,UPI,Delivered
ORD-10570,2025-05-27,CUST-1061,PROD-105,1,45.0,0.15,38.25,18.25,Net Banking,Delivered
ORD-10571,2025-08-15,CUST-1170,PROD-109,1,24.5,0.0,24.5,15.5,Debit Card,Returned
ORD-10572,2025-10-09,CUST-1106,PROD-105,1,45.0,0.0,45.0,25.0,Net Banking,Cancelled
ORD-10573,2025-06-29,CUST-1016,PROD-109,1,24.5,0.0,24.5,15.5,Net Banking,Shipped
ORD-10574,2026-07-24,CUST-1161,PROD-107,2,59.9,0.0,119.8,63.8,Net Banking,Delivered
ORD-10575,2025-12-19,CUST-1127,PROD-101,1,149.99,0.1,134.99,49.99,UPI,Delivered
ORD-10576,2026-06-22,CUST-1165,PROD-107,2,59.9,0.1,107.82,51.82,Net Banking,Delivered
ORD-10577,2026-02-23,CUST-1082,PROD-107,1,59.9,0.1,53.91,25.91,Credit Card,Cancelled
ORD-10578,2026-01-21,CUST-1039,PROD-105,1,45.0,0.1,40.5,20.5,UPI,Delivered
ORD-10579,2026-04-30,CUST-1048,PROD-109,1,24.5,0.0,24.5,15.5,Debit Card,Cancelled
ORD-10580,2025-11-04,CUST-1062,PROD-104,2,39.99,0.1,71.98,35.98,Credit Card,Returned
ORD-10581,2026-04-20,CUST-1182,PROD-103,1,329.0,0.0,329.0,119.0,Net Banking,Delivered
ORD-10582,2026-02-27,CUST-1015,PROD-109,2,24.5,0.2,39.2,21.2,UPI,Returned
ORD-10583,2026-06-27,CUST-1107,PROD-109,5,24.5,0.0,122.5,77.5,UPI,Cancelled
ORD-10584,2025-09-06,CUST-1035,PROD-107,1,59.9,0.0,59.9,31.9,UPI,Delivered
ORD-10585,2025-12-05,CUST-1066,PROD-104,3,39.99,0.0,119.97,65.97,UPI,Delivered
ORD-10586,2026-04-06,CUST-1166,PROD-102,1,89.5,0.05,85.02,40.02,Credit Card,Delivered
ORD-10587,2026-07-03,CUST-1095,PROD-102,1,89.5,0.05,85.02,40.02,UPI,Shipped
ORD-10588,2025-02-22,CUST-1186,PROD-104,1,39.99,0.0,39.99,21.99,Credit Card,Delivered
ORD-10589,2025-02-10,CUST-1069,PROD-107,3,59.9,0.0,179.7,95.7,UPI,Shipped
ORD-10590,2026-07-27,CUST-1019,PROD-104,2,39.99,0.05,75.98,39.98,Credit Card,Cancelled
ORD-10591,2025-08-02,CUST-1056,PROD-108,1,64.99,0.1,58.49,28.49,Credit Card,Delivered
ORD-10592,2025-01-16,CUST-1086,PROD-105,1,45.0,0.0,45.0,25.0,UPI,Delivered
ORD-10593,2025-05-01,CUST-1055,PROD-104,1,39.99,0.1,35.99,17.99,Credit Card,Delivered
ORD-10594,2025-09-06,CUST-1192,PROD-108,1,64.99,0.0,64.99,34.99,Credit Card,Delivered
ORD-10595,2025-07-29,CUST-1179,PROD-110,2,199.0,0.15,338.3,118.3,UPI,Shipped
ORD-10596,2026-07-20,CUST-1102,PROD-104,2,39.99,0.0,79.98,43.98,Net Banking,Returned
ORD-10597,2026-01-25,CUST-1083,PROD-105,4,45.0,0.1,162.0,82.0,Net Banking,Cancelled
ORD-10598,2026-01-03,CUST-1120,PROD-109,1,24.5,0.0,24.5,15.5,Credit Card,Returned
ORD-10599,2026-01-04,CUST-1079,PROD-105,3,45.0,0.0,135.0,75.0,UPI,Delivered
ORD-10600,2026-04-23,CUST-1132,PROD-108,1,64.99,0.0,64.99,34.99,Credit Card,Delivered
ORD-10601,2025-11-24,CUST-1026,PROD-108,2,64.99,0.15,110.48,50.48,UPI,Delivered
ORD-10602,2025-11-17,CUST-1053,PROD-106,1,29.99,0.15,25.49,12.99,UPI,Delivered
ORD-10603,2026-07-31,CUST-1106,PROD-101,2,149.99,0.15,254.98,84.98,UPI,Cancelled
ORD-10604,2025-01-17,CUST-1057,PROD-103,2,329.0,0.15,559.3,139.3,UPI,Delivered
ORD-10605,2026-03-04,CUST-1067,PROD-109,1,24.5,0.05,23.28,14.28,UPI,Shipped
ORD-10606,2025-07-20,CUST-1076,PROD-103,1,329.0,0.05,312.55,102.55,Credit Card,Delivered
ORD-10607,2026-01-24,CUST-1085,PROD-104,2,39.99,0.05,75.98,39.98,UPI,Returned
ORD-10608,2026-05-27,CUST-1146,PROD-104,2,39.99,0.0,79.98,43.98,Credit Card,Delivered
ORD-10609,2025-09-21,CUST-1141,PROD-106,1,29.99,0.05,28.49,15.99,Net Banking,Cancelled
ORD-10610,2026-05-18,CUST-1196,PROD-108,3,64.99,0.1,175.47,85.47,UPI,Delivered
ORD-10611,2025-12-27,CUST-1118,PROD-103,1,329.0,0.05,312.55,102.55,Net Banking,Cancelled
ORD-10612,2026-07-14,CUST-1044,PROD-103,1,329.0,0.1,296.1,86.1,Net Banking,Delivered
ORD-10613,2026-07-10,CUST-1126,PROD-103,2,329.0,0.1,592.2,172.2,Credit Card,Delivered
ORD-10614,2026-06-21,CUST-1165,PROD-101,2,149.99,0.0,299.98,129.98,UPI,Delivered
ORD-10615,2025-02-19,CUST-1009,PROD-102,1,89.5,0.05,85.02,40.02,UPI,Delivered
ORD-10616,2026-02-27,CUST-1196,PROD-101,1,149.99,0.0,149.99,64.99,Net Banking,Delivered
ORD-10617,2025-03-11,CUST-1036,PROD-104,4,39.99,0.0,159.96,87.96,UPI,Delivered
ORD-10618,2025-01-10,CUST-1182,PROD-103,2,329.0,0.0,658.0,238.0,Credit Card,Cancelled
ORD-10619,2026-04-12,CUST-1056,PROD-109,2,24.5,0.0,49.0,31.0,Net Banking,Delivered
ORD-10620,2026-05-10,CUST-1096,PROD-101,3,149.99,0.05,427.47,172.47,UPI,Returned
ORD-10621,2025-01-17,CUST-1169,PROD-108,2,64.99,0.0,129.98,69.98,UPI,Delivered
ORD-10622,2026-07-19,CUST-1002,PROD-109,2,24.5,0.0,49.0,31.0,Credit Card,Cancelled
ORD-10623,2025-01-18,CUST-1106,PROD-101,1,149.99,0.0,149.99,64.99,Credit Card,Delivered
ORD-10624,2026-07-03,CUST-1136,PROD-105,1,45.0,0.0,45.0,25.0,UPI,Delivered
ORD-10625,2026-05-30,CUST-1074,PROD-101,3,149.99,0.0,449.97,194.97,Debit Card,Shipped
ORD-10626,2025-07-03,CUST-1179,PROD-107,1,59.9,0.05,56.9,28.9,Debit Card,Delivered
ORD-10627,2026-06-21,CUST-1028,PROD-102,5,89.5,0.0,447.5,222.5,Debit Card,Delivered
ORD-10628,2025-07-16,CUST-1039,PROD-104,1,39.99,0.2,31.99,13.99,Net Banking,Shipped
ORD-10629,2025-09-16,CUST-1159,PROD-109,1,24.5,0.05,23.28,14.28,UPI,Cancelled
ORD-10630,2026-02-11,CUST-1091,PROD-105,1,45.0,0.1,40.5,20.5,Credit Card,Delivered
ORD-10631,2026-02-20,CUST-1021,PROD-106,1,29.99,0.0,29.99,17.49,Credit Card,Cancelled
ORD-10632,2025-09-07,CUST-1118,PROD-110,2,199.0,0.0,398.0,178.0,Net Banking,Delivered
ORD-10633,2025-11-04,CUST-1179,PROD-104,1,39.99,0.05,37.99,19.99,Credit Card,Delivered
ORD-10634,2025-02-02,CUST-1176,PROD-102,1,89.5,0.1,80.55,35.55,Credit Card,Shipped
ORD-10635,2026-01-24,CUST-1024,PROD-107,5,59.9,0.15,254.58,114.58,UPI,Delivered
ORD-10636,2026-05-03,CUST-1097,PROD-109,2,24.5,0.05,46.55,28.55,UPI,Delivered
ORD-10637,2025-06-25,CUST-1015,PROD-101,3,149.99,0.1,404.97,149.97,Debit Card,Returned
ORD-10638,2026-03-21,CUST-1022,PROD-108,4,64.99,0.15,220.97,100.97,UPI,Shipped
ORD-10639,2025-04-08,CUST-1166,PROD-106,1,29.99,0.0,29.99,17.49,UPI,Returned
ORD-10640,2025-08-24,CUST-1136,PROD-101,1,149.99,0.1,134.99,49.99,Credit Card,Cancelled
ORD-10641,2026-05-02,CUST-1055,PROD-110,1,199.0,0.2,159.2,49.2,Debit Card,Delivered
ORD-10642,2025-03-18,CUST-1070,PROD-101,5,149.99,0.05,712.45,287.45,Net Banking,Returned
ORD-10643,2026-07-11,CUST-1176,PROD-105,1,45.0,0.05,42.75,22.75,UPI,Cancelled
ORD-10644,2025-07-03,CUST-1145,PROD-101,2,149.99,0.0,299.98,129.98,UPI,Delivered
ORD-10645,2025-08-01,CUST-1081,PROD-101,1,149.99,0.1,134.99,49.99,Net Banking,Delivered
ORD-10646,2026-02-12,CUST-1151,PROD-103,1,329.0,0.1,296.1,86.1,Net Banking,Delivered
ORD-10647,2025-06-16,CUST-1020,PROD-105,3,45.0,0.05,128.25,68.25,Debit Card,Delivered
ORD-10648,2026-02-03,CUST-1145,PROD-104,1,39.99,0.05,37.99,19.99,Credit Card,Delivered
ORD-10649,2025-12-06,CUST-1174,PROD-109,1,24.5,0.0,24.5,15.5,Credit Card,Returned
ORD-10650,2025-03-22,CUST-1099,PROD-103,2,329.0,0.15,559.3,139.3,Credit Card,Cancelled
ORD-10651,2025-02-24,CUST-1129,PROD-106,2,29.99,0.1,53.98,28.98,UPI,Delivered
ORD-10652,2025-08-26,CUST-1026,PROD-107,2,59.9,0.05,113.81,57.81,Net Banking,Delivered
ORD-10653,2026-02-11,CUST-1020,PROD-106,1,29.99,0.0,29.99,17.49,Debit Card,Returned
ORD-10654,2025-01-31,CUST-1199,PROD-106,5,29.99,0.0,149.95,87.45,Debit Card,Returned
ORD-10655,2026-04-07,CUST-1163,PROD-105,1,45.0,0.0,45.0,25.0,Credit Card,Shipped
ORD-10656,2025-12-31,CUST-1126,PROD-104,2,39.99,0.0,79.98,43.98,Net Banking,Shipped
ORD-10657,2026-03-19,CUST-1142,PROD-107,3,59.9,0.1,161.73,77.73,Net Banking,Delivered
ORD-10658,2026-01-25,CUST-1048,PROD-110,2,199.0,0.0,398.0,178.0,UPI,Cancelled
ORD-10659,2025-10-30,CUST-1022,PROD-110,1,199.0,0.1,179.1,69.1,Credit Card,Delivered
ORD-10660,2025-03-26,CUST-1064,PROD-102,1,89.5,0.0,89.5,44.5,Net Banking,Shipped
ORD-10661,2026-01-25,CUST-1069,PROD-103,2,329.0,0.0,658.0,238.0,Credit Card,Cancelled
ORD-10662,2026-02-03,CUST-1183,PROD-103,1,329.0,0.0,329.0,119.0,UPI,Delivered
ORD-10663,2025-04-20,CUST-1082,PROD-106,1,29.99,0.05,28.49,15.99,Credit Card,Delivered
ORD-10664,2025-11-12,CUST-1024,PROD-101,1,149.99,0.0,149.99,64.99,Credit Card,Returned
ORD-10665,2025-10-04,CUST-1114,PROD-106,1,29.99,0.0,29.99,17.49,Credit Card,Returned
ORD-10666,2025-03-31,CUST-1027,PROD-103,3,329.0,0.0,987.0,357.0,UPI,Delivered
ORD-10667,2026-04-05,CUST-1048,PROD-107,2,59.9,0.0,119.8,63.8,Credit Card,Delivered
ORD-10668,2026-06-09,CUST-1143,PROD-109,1,24.5,0.05,23.28,14.28,Credit Card,Delivered
ORD-10669,2025-01-27,CUST-1105,PROD-102,2,89.5,0.15,152.15,62.15,UPI,Delivered
ORD-10670,2026-07-22,CUST-1023,PROD-106,2,29.99,0.0,59.98,34.98,UPI,Cancelled
ORD-10671,2025-11-29,CUST-1024,PROD-110,1,199.0,0.0,199.0,89.0,Credit Card,Returned
ORD-10672,2025-10-26,CUST-1099,PROD-101,2,149.99,0.05,284.98,114.98,Credit Card,Returned
ORD-10673,2025-03-28,CUST-1106,PROD-107,2,59.9,0.05,113.81,57.81,Credit Card,Delivered
ORD-10674,2025-09-06,CUST-1186,PROD-109,1,24.5,0.05,23.28,14.28,Credit Card,Delivered
ORD-10675,2025-06-23,CUST-1147,PROD-109,1,24.5,0.0,24.5,15.5,Credit Card,Shipped
ORD-10676,2025-06-23,CUST-1176,PROD-107,1,59.9,0.0,59.9,31.9,UPI,Returned
ORD-10677,2025-11-05,CUST-1036,PROD-105,2,45.0,0.05,85.5,45.5,Credit Card,Delivered
ORD-10678,2025-05-30,CUST-1069,PROD-108,2,64.99,0.0,129.98,69.98,Credit Card,Delivered
ORD-10679,2026-03-22,CUST-1017,PROD-103,1,329.0,0.05,312.55,102.55,Net Banking,Delivered
ORD-10680,2025-11-03,CUST-1071,PROD-107,2,59.9,0.15,101.83,45.83,UPI,Delivered
ORD-10681,2026-01-05,CUST-1124,PROD-102,1,89.5,0.15,76.08,31.08,UPI,Delivered
ORD-10682,2026-05-23,CUST-1065,PROD-104,2,39.99,0.05,75.98,39.98,Credit Card,Delivered
ORD-10683,2025-07-20,CUST-1153,PROD-110,3,199.0,0.1,537.3,207.3,Credit Card,Shipped
ORD-10684,2025-05-19,CUST-1118,PROD-102,2,89.5,0.1,161.1,71.1,Debit Card,Delivered
ORD-10685,2026-02-10,CUST-1078,PROD-101,1,149.99,0.1,134.99,49.99,Debit Card,Delivered
ORD-10686,2026-01-25,CUST-1086,PROD-110,1,199.0,0.1,179.1,69.1,UPI,Delivered
ORD-10687,2025-12-09,CUST-1085,PROD-108,1,64.99,0.05,61.74,31.74,Credit Card,Delivered
ORD-10688,2025-05-20,CUST-1111,PROD-110,1,199.0,0.0,199.0,89.0,UPI,Delivered
ORD-10689,2025-07-25,CUST-1077,PROD-106,1,29.99,0.0,29.99,17.49,Net Banking,Delivered
ORD-10690,2025-07-01,CUST-1123,PROD-106,2,29.99,0.05,56.98,31.98,UPI,Delivered
ORD-10691,2025-10-26,CUST-1102,PROD-106,2,29.99,0.05,56.98,31.98,Net Banking,Delivered
ORD-10692,2025-09-06,CUST-1189,PROD-108,2,64.99,0.1,116.98,56.98,Credit Card,Delivered
ORD-10693,2025-10-15,CUST-1084,PROD-107,1,59.9,0.1,53.91,25.91,UPI,Delivered
ORD-10694,2025-04-27,CUST-1101,PROD-106,5,29.99,0.0,149.95,87.45,UPI,Cancelled
ORD-10695,2026-07-13,CUST-1145,PROD-104,1,39.99,0.15,33.99,15.99,Credit Card,Delivered
ORD-10696,2025-01-28,CUST-1047,PROD-109,2,24.5,0.1,44.1,26.1,Net Banking,Shipped
ORD-10697,2025-08-03,CUST-1187,PROD-108,1,64.99,0.1,58.49,28.49,Credit Card,Shipped
ORD-10698,2025-03-12,CUST-1113,PROD-105,3,45.0,0.1,121.5,61.5,UPI,Cancelled
ORD-10699,2025-05-23,CUST-1105,PROD-108,1,64.99,0.05,61.74,31.74,UPI,Delivered
ORD-10700,2025-09-05,CUST-1163,PROD-105,3,45.0,0.0,135.0,75.0,UPI,Delivered
ORD-10701,2026-03-10,CUST-1065,PROD-103,4,329.0,0.05,1250.2,410.2,UPI,Delivered
ORD-10702,2026-04-05,CUST-1097,PROD-102,1,89.5,0.0,89.5,44.5,Credit Card,Delivered
ORD-10703,2026-02-15,CUST-1154,PROD-108,5,64.99,0.0,324.95,174.95,Credit Card,Delivered
ORD-10704,2026-03-05,CUST-1137,PROD-109,1,24.5,0.0,24.5,15.5,Credit Card,Returned
ORD-10705,2026-01-04,CUST-1140,PROD-101,1,149.99,0.0,149.99,64.99,Net Banking,Delivered
ORD-10706,2025-03-29,CUST-1180,PROD-109,1,24.5,0.05,23.28,14.28,UPI,Delivered
ORD-10707,2025-12-30,CUST-1028,PROD-104,2,39.99,0.05,75.98,39.98,Net Banking,Delivered
ORD-10708,2025-02-15,CUST-1043,PROD-110,1,199.0,0.15,169.15,59.15,Net Banking,Delivered
ORD-10709,2025-12-06,CUST-1145,PROD-107,1,59.9,0.0,59.9,31.9,Credit Card,Delivered
ORD-10710,2025-01-11,CUST-1111,PROD-102,2,89.5,0.15,152.15,62.15,UPI,Shipped
ORD-10711,2025-08-16,CUST-1026,PROD-105,2,45.0,0.05,85.5,45.5,Credit Card,Delivered
ORD-10712,2026-07-26,CUST-1131,PROD-109,5,24.5,0.0,122.5,77.5,UPI,Delivered
ORD-10713,2025-08-15,CUST-1149,PROD-110,2,199.0,0.2,318.4,98.4,Credit Card,Delivered
ORD-10714,2026-02-05,CUST-1115,PROD-106,1,29.99,0.1,26.99,14.49,UPI,Delivered
ORD-10715,2026-05-28,CUST-1119,PROD-110,2,199.0,0.1,358.2,138.2,UPI,Delivered
ORD-10716,2025-01-26,CUST-1039,PROD-106,5,29.99,0.05,142.45,79.95,Debit Card,Returned
ORD-10717,2025-10-30,CUST-1124,PROD-102,2,89.5,0.0,179.0,89.0,Credit Card,Delivered
ORD-10718,2025-04-29,CUST-1107,PROD-102,1,89.5,0.1,80.55,35.55,UPI,Returned
ORD-10719,2025-12-23,CUST-1187,PROD-103,2,329.0,0.0,658.0,238.0,Credit Card,Shipped
ORD-10720,2026-04-12,CUST-1080,PROD-106,1,29.99,0.0,29.99,17.49,Credit Card,Delivered
ORD-10721,2026-05-10,CUST-1053,PROD-109,4,24.5,0.05,93.1,57.1,Credit Card,Shipped
ORD-10722,2025-04-10,CUST-1090,PROD-108,4,64.99,0.2,207.97,87.97,UPI,Cancelled
ORD-10723,2025-11-23,CUST-1113,PROD-108,3,64.99,0.05,185.22,95.22,UPI,Shipped
ORD-10724,2025-02-15,CUST-1018,PROD-105,1,45.0,0.05,42.75,22.75,Net Banking,Delivered
ORD-10725,2025-01-24,CUST-1182,PROD-102,3,89.5,0.1,241.65,106.65,Credit Card,Delivered
ORD-10726,2025-06-18,CUST-1088,PROD-102,2,89.5,0.15,152.15,62.15,Credit Card,Cancelled
ORD-10727,2026-06-13,CUST-1190,PROD-104,1,39.99,0.05,37.99,19.99,UPI,Delivered
ORD-10728,2025-06-13,CUST-1045,PROD-109,5,24.5,0.05,116.38,71.38,Credit Card,Delivered
ORD-10729,2026-03-13,CUST-1085,PROD-109,3,24.5,0.0,73.5,46.5,Credit Card,Delivered
ORD-10730,2026-02-19,CUST-1119,PROD-104,5,39.99,0.0,199.95,109.95,Net Banking,Delivered
ORD-10731,2025-07-10,CUST-1162,PROD-103,1,329.0,0.1,296.1,86.1,Credit Card,Delivered
ORD-10732,2026-02-10,CUST-1164,PROD-107,4,59.9,0.0,239.6,127.6,Net Banking,Cancelled
ORD-10733,2025-07-22,CUST-1008,PROD-110,2,199.0,0.0,398.0,178.0,UPI,Returned
ORD-10734,2026-03-16,CUST-1116,PROD-110,2,199.0,0.2,318.4,98.4,Net Banking,Shipped
ORD-10735,2025-08-08,CUST-1100,PROD-101,1,149.99,0.0,149.99,64.99,Credit Card,Shipped
ORD-10736,2025-03-06,CUST-1053,PROD-105,1,45.0,0.05,42.75,22.75,Net Banking,Shipped
ORD-10737,2026-07-04,CUST-1148,PROD-102,1,89.5,0.0,89.5,44.5,Net Banking,Delivered
ORD-10738,2025-11-30,CUST-1048,PROD-106,1,29.99,0.0,29.99,17.49,UPI,Delivered
ORD-10739,2025-04-27,CUST-1051,PROD-108,2,64.99,0.0,129.98,69.98,Credit Card,Returned
ORD-10740,2026-06-25,CUST-1068,PROD-108,3,64.99,0.2,155.98,65.98,Credit Card,Shipped
ORD-10741,2026-02-02,CUST-1164,PROD-106,1,29.99,0.05,28.49,15.99,Credit Card,Cancelled
ORD-10742,2025-04-27,CUST-1157,PROD-107,3,59.9,0.2,143.76,59.76,UPI,Cancelled
ORD-10743,2026-04-14,CUST-1090,PROD-106,2,29.99,0.2,47.98,22.98,Credit Card,Shipped
ORD-10744,2025-11-01,CUST-1159,PROD-103,1,329.0,0.1,296.1,86.1,Credit Card,Delivered
ORD-10745,2025-03-28,CUST-1158,PROD-110,3,199.0,0.2,477.6,147.6,Credit Card,Delivered
ORD-10746,2025-11-17,CUST-1173,PROD-103,1,329.0,0.0,329.0,119.0,Credit Card,Delivered
ORD-10747,2025-11-09,CUST-1031,PROD-104,1,39.99,0.1,35.99,17.99,Credit Card,Delivered
ORD-10748,2026-01-18,CUST-1030,PROD-103,2,329.0,0.05,625.1,205.1,UPI,Delivered
ORD-10749,2026-06-08,CUST-1178,PROD-103,1,329.0,0.1,296.1,86.1,Credit Card,Returned
ORD-10750,2025-05-22,CUST-1100,PROD-107,3,59.9,0.15,152.74,68.74,Net Banking,Shipped
ORD-10751,2026-03-10,CUST-1148,PROD-107,2,59.9,0.1,107.82,51.82,Net Banking,Delivered
ORD-10752,2026-07-05,CUST-1048,PROD-108,1,64.99,0.05,61.74,31.74,Credit Card,Delivered
ORD-10753,2026-07-23,CUST-1178,PROD-103,2,329.0,0.0,658.0,238.0,UPI,Delivered
ORD-10754,2025-10-23,CUST-1043,PROD-108,1,64.99,0.15,55.24,25.24,UPI,Delivered
ORD-10755,2025-11-19,CUST-1036,PROD-103,1,329.0,0.1,296.1,86.1,Credit Card,Delivered
ORD-10756,2025-02-24,CUST-1116,PROD-110,2,199.0,0.1,358.2,138.2,UPI,Delivered
ORD-10757,2026-05-12,CUST-1092,PROD-101,2,149.99,0.05,284.98,114.98,Credit Card,Delivered
ORD-10758,2026-01-29,CUST-1035,PROD-104,1,39.99,0.0,39.99,21.99,Credit Card,Cancelled
ORD-10759,2026-05-22,CUST-1144,PROD-109,2,24.5,0.05,46.55,28.55,Credit Card,Cancelled
ORD-10760,2026-03-02,CUST-1105,PROD-108,1,64.99,0.2,51.99,21.99,Credit Card,Cancelled
ORD-10761,2026-05-16,CUST-1182,PROD-108,1,64.99,0.05,61.74,31.74,Net Banking,Cancelled
ORD-10762,2025-02-01,CUST-1043,PROD-102,2,89.5,0.2,143.2,53.2,Credit Card,Returned
ORD-10763,2025-10-27,CUST-1195,PROD-104,2,39.99,0.05,75.98,39.98,Net Banking,Delivered
ORD-10764,2025-08-19,CUST-1009,PROD-105,1,45.0,0.0,45.0,25.0,UPI,Delivered
ORD-10765,2025-06-22,CUST-1138,PROD-105,1,45.0,0.0,45.0,25.0,Credit Card,Returned
ORD-10766,2026-05-23,CUST-1200,PROD-108,3,64.99,0.2,155.98,65.98,Net Banking,Shipped
ORD-10767,2025-04-26,CUST-1141,PROD-109,2,24.5,0.0,49.0,31.0,Credit Card,Returned
ORD-10768,2025-10-02,CUST-1147,PROD-102,2,89.5,0.1,161.1,71.1,Credit Card,Returned
ORD-10769,2026-01-11,CUST-1199,PROD-109,2,24.5,0.0,49.0,31.0,UPI,Cancelled
ORD-10770,2026-03-28,CUST-1139,PROD-101,1,149.99,0.05,142.49,57.49,Credit Card,Delivered
ORD-10771,2026-03-12,CUST-1140,PROD-104,1,39.99,0.05,37.99,19.99,Net Banking,Returned
ORD-10772,2025-11-01,CUST-1027,PROD-104,2,39.99,0.0,79.98,43.98,Debit Card,Delivered
ORD-10773,2025-09-27,CUST-1009,PROD-108,2,64.99,0.1,116.98,56.98,UPI,Delivered
ORD-10774,2026-03-26,CUST-1090,PROD-102,1,89.5,0.0,89.5,44.5,Net Banking,Delivered
ORD-10775,2025-08-03,CUST-1031,PROD-104,1,39.99,0.1,35.99,17.99,Credit Card,Shipped
ORD-10776,2025-12-26,CUST-1189,PROD-110,1,199.0,0.1,179.1,69.1,Credit Card,Delivered
ORD-10777,2026-03-15,CUST-1182,PROD-110,2,199.0,0.1,358.2,138.2,UPI,Returned
ORD-10778,2025-05-23,CUST-1043,PROD-110,2,199.0,0.0,398.0,178.0,UPI,Delivered
ORD-10779,2025-03-02,CUST-1053,PROD-104,2,39.99,0.1,71.98,35.98,Credit Card,Delivered
ORD-10780,2026-06-30,CUST-1146,PROD-106,2,29.99,0.0,59.98,34.98,Net Banking,Delivered
ORD-10781,2026-07-06,CUST-1072,PROD-110,5,199.0,0.05,945.25,395.25,Credit Card,Delivered
ORD-10782,2025-10-27,CUST-1044,PROD-106,2,29.99,0.1,53.98,28.98,UPI,Delivered
ORD-10783,2025-10-01,CUST-1075,PROD-110,1,199.0,0.0,199.0,89.0,UPI,Shipped
ORD-10784,2025-05-19,CUST-1132,PROD-102,4,89.5,0.1,322.2,142.2,Debit Card,Delivered
ORD-10785,2025-03-02,CUST-1193,PROD-107,3,59.9,0.1,161.73,77.73,UPI,Delivered
ORD-10786,2025-05-16,CUST-1071,PROD-103,1,329.0,0.15,279.65,69.65,UPI,Shipped
ORD-10787,2025-11-26,CUST-1064,PROD-103,1,329.0,0.0,329.0,119.0,Debit Card,Delivered
ORD-10788,2026-05-17,CUST-1064,PROD-107,3,59.9,0.15,152.74,68.74,Credit Card,Delivered
ORD-10789,2025-10-03,CUST-1037,PROD-110,1,199.0,0.0,199.0,89.0,Credit Card,Shipped
ORD-10790,2026-01-20,CUST-1161,PROD-107,1,59.9,0.05,56.9,28.9,Credit Card,Delivered
ORD-10791,2025-04-06,CUST-1116,PROD-102,3,89.5,0.05,255.08,120.08,Credit Card,Delivered
ORD-10792,2025-10-12,CUST-1104,PROD-109,1,24.5,0.05,23.28,14.28,UPI,Shipped
ORD-10793,2026-04-11,CUST-1178,PROD-106,1,29.99,0.0,29.99,17.49,Credit Card,Delivered
ORD-10794,2025-01-03,CUST-1125,PROD-106,2,29.99,0.1,53.98,28.98,UPI,Cancelled
ORD-10795,2026-04-15,CUST-1199,PROD-102,2,89.5,0.1,161.1,71.1,UPI,Delivered
ORD-10796,2025-03-06,CUST-1163,PROD-106,1,29.99,0.0,29.99,17.49,UPI,Delivered
ORD-10797,2025-08-12,CUST-1137,PROD-107,1,59.9,0.05,56.9,28.9,Debit Card,Delivered
ORD-10798,2026-05-22,CUST-1110,PROD-104,5,39.99,0.0,199.95,109.95,UPI,Shipped
ORD-10799,2025-10-18,CUST-1069,PROD-106,1,29.99,0.05,28.49,15.99,Credit Card,Delivered
ORD-10800,2025-05-14,CUST-1087,PROD-109,1,24.5,0.0,24.5,15.5,Credit Card,Delivered
ORD-10801,2025-12-18,CUST-1145,PROD-108,2,64.99,0.05,123.48,63.48,UPI,Cancelled
ORD-10802,2025-02-17,CUST-1175,PROD-101,4,149.99,0.05,569.96,229.96,Credit Card,Shipped
ORD-10803,2025-01-17,CUST-1026,PROD-108,4,64.99,0.0,259.96,139.96,UPI,Delivered
ORD-10804,2026-03-28,CUST-1032,PROD-103,2,329.0,0.05,625.1,205.1,UPI,Cancelled
ORD-10805,2026-03-15,CUST-1117,PROD-101,2,149.99,0.1,269.98,99.98,Credit Card,Delivered
ORD-10806,2025-11-06,CUST-1052,PROD-103,2,329.0,0.1,592.2,172.2,UPI,Delivered
ORD-10807,2025-04-06,CUST-1041,PROD-105,2,45.0,0.0,90.0,50.0,Credit Card,Delivered
ORD-10808,2025-09-14,CUST-1168,PROD-106,4,29.99,0.0,119.96,69.96,Credit Card,Returned
ORD-10809,2025-06-19,CUST-1022,PROD-106,1,29.99,0.15,25.49,12.99,Credit Card,Cancelled
ORD-10810,2025-11-09,CUST-1014,PROD-107,2,59.9,0.0,119.8,63.8,Credit Card,Delivered
ORD-10811,2026-03-16,CUST-1186,PROD-104,1,39.99,0.05,37.99,19.99,Credit Card,Delivered
ORD-10812,2025-04-08,CUST-1168,PROD-102,4,89.5,0.0,358.0,178.0,UPI,Cancelled
ORD-10813,2026-05-04,CUST-1001,PROD-104,1,39.99,0.1,35.99,17.99,Debit Card,Delivered
ORD-10814,2025-08-20,CUST-1020,PROD-103,1,329.0,0.1,296.1,86.1,Credit Card,Delivered
ORD-10815,2025-01-10,CUST-1133,PROD-108,2,64.99,0.15,110.48,50.48,UPI,Returned
ORD-10816,2025-05-04,CUST-1003,PROD-106,3,29.99,0.05,85.47,47.97,UPI,Delivered
ORD-10817,2026-05-05,CUST-1109,PROD-103,2,329.0,0.05,625.1,205.1,UPI,Delivered
ORD-10818,2026-01-28,CUST-1019,PROD-104,2,39.99,0.0,79.98,43.98,UPI,Shipped
ORD-10819,2025-04-16,CUST-1023,PROD-102,3,89.5,0.1,241.65,106.65,Credit Card,Returned
ORD-10820,2025-11-03,CUST-1081,PROD-106,1,29.99,0.0,29.99,17.49,Credit Card,Delivered
ORD-10821,2025-05-17,CUST-1036,PROD-107,1,59.9,0.05,56.9,28.9,UPI,Delivered
ORD-10822,2025-03-12,CUST-1165,PROD-103,2,329.0,0.05,625.1,205.1,Credit Card,Returned
ORD-10823,2025-01-09,CUST-1136,PROD-110,3,199.0,0.1,537.3,207.3,Net Banking,Delivered
ORD-10824,2026-03-27,CUST-1157,PROD-103,1,329.0,0.1,296.1,86.1,Credit Card,Cancelled
ORD-10825,2025-06-05,CUST-1090,PROD-104,2,39.99,0.1,71.98,35.98,UPI,Delivered
ORD-10826,2026-03-30,CUST-1106,PROD-110,2,199.0,0.05,378.1,158.1,Credit Card,Delivered
ORD-10827,2025-04-13,CUST-1056,PROD-102,2,89.5,0.0,179.0,89.0,Credit Card,Cancelled
ORD-10828,2026-01-29,CUST-1036,PROD-102,3,89.5,0.0,268.5,133.5,Net Banking,Delivered
ORD-10829,2025-11-19,CUST-1090,PROD-107,2,59.9,0.0,119.8,63.8,UPI,Delivered
ORD-10830,2025-10-11,CUST-1036,PROD-104,1,39.99,0.05,37.99,19.99,Credit Card,Returned
ORD-10831,2025-09-12,CUST-1166,PROD-102,1,89.5,0.1,80.55,35.55,Credit Card,Delivered
ORD-10832,2025-10-19,CUST-1142,PROD-110,2,199.0,0.0,398.0,178.0,UPI,Returned
ORD-10833,2025-11-05,CUST-1200,PROD-101,1,149.99,0.05,142.49,57.49,Debit Card,Returned
ORD-10834,2026-06-06,CUST-1053,PROD-109,1,24.5,0.1,22.05,13.05,Credit Card,Delivered
ORD-10835,2025-10-30,CUST-1049,PROD-107,1,59.9,0.0,59.9,31.9,Credit Card,Shipped
ORD-10836,2025-09-03,CUST-1166,PROD-101,2,149.99,0.15,254.98,84.98,UPI,Delivered
ORD-10837,2025-04-26,CUST-1127,PROD-107,3,59.9,0.1,161.73,77.73,Credit Card,Shipped
ORD-10838,2025-03-14,CUST-1062,PROD-108,1,64.99,0.15,55.24,25.24,UPI,Delivered
ORD-10839,2026-01-05,CUST-1136,PROD-101,2,149.99,0.0,299.98,129.98,Credit Card,Delivered
ORD-10840,2026-02-01,CUST-1082,PROD-103,3,329.0,0.1,888.3,258.3,Credit Card,Returned
ORD-10841,2026-01-10,CUST-1146,PROD-107,4,59.9,0.0,239.6,127.6,Credit Card,Delivered
ORD-10842,2026-04-28,CUST-1140,PROD-103,1,329.0,0.0,329.0,119.0,Credit Card,Shipped
ORD-10843,2025-01-18,CUST-1198,PROD-102,1,89.5,0.05,85.02,40.02,UPI,Cancelled
ORD-10844,2025-01-15,CUST-1151,PROD-102,2,89.5,0.1,161.1,71.1,Net Banking,Delivered
ORD-10845,2025-02-10,CUST-1068,PROD-104,3,39.99,0.1,107.97,53.97,UPI,Cancelled
ORD-10846,2026-06-03,CUST-1016,PROD-107,1,59.9,0.05,56.9,28.9,UPI,Cancelled
ORD-10847,2026-03-02,CUST-1074,PROD-109,1,24.5,0.05,23.28,14.28,UPI,Returned
ORD-10848,2025-03-26,CUST-1109,PROD-107,1,59.9,0.1,53.91,25.91,UPI,Delivered
ORD-10849,2026-07-05,CUST-1164,PROD-109,1,24.5,0.05,23.28,14.28,Credit Card,Cancelled
ORD-10850,2025-10-12,CUST-1158,PROD-103,1,329.0,0.15,279.65,69.65,Credit Card,Delivered
ORD-10851,2025-03-22,CUST-1022,PROD-105,2,45.0,0.05,85.5,45.5,Credit Card,Delivered
ORD-10852,2025-06-09,CUST-1131,PROD-104,2,39.99,0.0,79.98,43.98,Credit Card,Cancelled
ORD-10853,2026-02-05,CUST-1138,PROD-106,1,29.99,0.0,29.99,17.49,UPI,Delivered
ORD-10854,2025-11-14,CUST-1151,PROD-102,2,89.5,0.05,170.05,80.05,UPI,Delivered
ORD-10855,2025-09-02,CUST-1179,PROD-107,2,59.9,0.05,113.81,57.81,Net Banking,Shipped
ORD-10856,2025-03-30,CUST-1015,PROD-104,2,39.99,0.05,75.98,39.98,Net Banking,Delivered
ORD-10857,2026-04-10,CUST-1112,PROD-102,1,89.5,0.15,76.08,31.08,UPI,Shipped
ORD-10858,2025-02-26,CUST-1157,PROD-110,1,199.0,0.0,199.0,89.0,Credit Card,Delivered
ORD-10859,2025-05-03,CUST-1080,PROD-103,2,329.0,0.0,658.0,238.0,Net Banking,Delivered
ORD-10860,2025-01-12,CUST-1004,PROD-103,1,329.0,0.05,312.55,102.55,UPI,Delivered
ORD-10861,2025-12-22,CUST-1042,PROD-108,2,64.99,0.15,110.48,50.48,UPI,Delivered
ORD-10862,2025-09-23,CUST-1134,PROD-109,2,24.5,0.05,46.55,28.55,UPI,Delivered
ORD-10863,2025-05-10,CUST-1043,PROD-106,3,29.99,0.1,80.97,43.47,UPI,Delivered
ORD-10864,2025-05-01,CUST-1192,PROD-105,1,45.0,0.15,38.25,18.25,Credit Card,Delivered
ORD-10865,2025-12-10,CUST-1198,PROD-101,1,149.99,0.1,134.99,49.99,UPI,Delivered
ORD-10866,2026-06-21,CUST-1110,PROD-105,3,45.0,0.05,128.25,68.25,UPI,Delivered
ORD-10867,2025-03-20,CUST-1017,PROD-105,1,45.0,0.0,45.0,25.0,Net Banking,Delivered
ORD-10868,2026-06-08,CUST-1128,PROD-108,1,64.99,0.0,64.99,34.99,Credit Card,Cancelled
ORD-10869,2026-05-27,CUST-1093,PROD-101,1,149.99,0.05,142.49,57.49,Debit Card,Delivered
ORD-10870,2026-01-12,CUST-1146,PROD-103,2,329.0,0.2,526.4,106.4,UPI,Shipped
ORD-10871,2025-04-16,CUST-1041,PROD-105,3,45.0,0.05,128.25,68.25,Debit Card,Delivered
ORD-10872,2025-08-22,CUST-1147,PROD-102,1,89.5,0.05,85.02,40.02,Credit Card,Cancelled
ORD-10873,2025-01-03,CUST-1190,PROD-109,1,24.5,0.0,24.5,15.5,Credit Card,Delivered
ORD-10874,2025-09-08,CUST-1012,PROD-101,1,149.99,0.0,149.99,64.99,Credit Card,Delivered
ORD-10875,2026-01-08,CUST-1012,PROD-108,1,64.99,0.1,58.49,28.49,Net Banking,Delivered
ORD-10876,2025-07-03,CUST-1099,PROD-103,1,329.0,0.1,296.1,86.1,Net Banking,Returned
ORD-10877,2026-03-06,CUST-1010,PROD-109,1,24.5,0.05,23.28,14.28,UPI,Delivered
ORD-10878,2025-09-12,CUST-1058,PROD-106,2,29.99,0.1,53.98,28.98,Net Banking,Delivered
ORD-10879,2025-10-05,CUST-1107,PROD-106,2,29.99,0.0,59.98,34.98,Credit Card,Delivered
ORD-10880,2026-01-17,CUST-1020,PROD-110,2,199.0,0.0,398.0,178.0,Credit Card,Delivered
ORD-10881,2025-02-23,CUST-1031,PROD-109,1,24.5,0.0,24.5,15.5,Credit Card,Returned
ORD-10882,2026-06-13,CUST-1046,PROD-104,2,39.99,0.1,71.98,35.98,Net Banking,Shipped
ORD-10883,2025-03-12,CUST-1012,PROD-107,2,59.9,0.1,107.82,51.82,Credit Card,Shipped
ORD-10884,2025-11-15,CUST-1120,PROD-105,2,45.0,0.0,90.0,50.0,Credit Card,Delivered
ORD-10885,2026-07-21,CUST-1084,PROD-102,1,89.5,0.05,85.02,40.02,Net Banking,Cancelled
ORD-10886,2026-01-13,CUST-1117,PROD-101,3,149.99,0.05,427.47,172.47,Credit Card,Delivered
ORD-10887,2025-11-08,CUST-1052,PROD-105,2,45.0,0.0,90.0,50.0,UPI,Returned
ORD-10888,2025-09-06,CUST-1190,PROD-110,2,199.0,0.1,358.2,138.2,Credit Card,Cancelled
ORD-10889,2026-05-21,CUST-1119,PROD-106,2,29.99,0.05,56.98,31.98,UPI,Shipped
ORD-10890,2026-07-14,CUST-1198,PROD-104,1,39.99,0.0,39.99,21.99,Credit Card,Delivered
ORD-10891,2025-06-04,CUST-1195,PROD-104,1,39.99,0.1,35.99,17.99,Net Banking,Delivered
ORD-10892,2025-01-25,CUST-1002,PROD-107,2,59.9,0.1,107.82,51.82,Net Banking,Returned
ORD-10893,2025-12-21,CUST-1060,PROD-109,5,24.5,0.1,110.25,65.25,Net Banking,Delivered
ORD-10894,2025-12-10,CUST-1163,PROD-101,1,149.99,0.05,142.49,57.49,Credit Card,Returned
ORD-10895,2025-11-11,CUST-1001,PROD-107,1,59.9,0.05,56.9,28.9,Net Banking,Returned
ORD-10896,2026-06-27,CUST-1027,PROD-104,2,39.99,0.0,79.98,43.98,UPI,Cancelled
ORD-10897,2026-05-19,CUST-1061,PROD-107,1,59.9,0.0,59.9,31.9,UPI,Returned
ORD-10898,2025-10-14,CUST-1016,PROD-103,3,329.0,0.2,789.6,159.6,Net Banking,Delivered
ORD-10899,2025-08-26,CUST-1024,PROD-101,2,149.99,0.1,269.98,99.98,UPI,Cancelled
ORD-10900,2026-01-17,CUST-1134,PROD-107,1,59.9,0.2,47.92,19.92,Credit Card,Returned
ORD-10901,2025-04-08,CUST-1118,PROD-102,3,89.5,0.1,241.65,106.65,Credit Card,Delivered
ORD-10902,2026-02-08,CUST-1130,PROD-103,1,329.0,0.0,329.0,119.0,UPI,Delivered
ORD-10903,2025-03-05,CUST-1020,PROD-110,4,199.0,0.15,676.6,236.6,Net Banking,Cancelled
ORD-10904,2025-08-31,CUST-1112,PROD-103,2,329.0,0.0,658.0,238.0,UPI,Delivered
ORD-10905,2025-11-19,CUST-1075,PROD-105,1,45.0,0.0,45.0,25.0,Debit Card,Delivered
ORD-10906,2025-11-22,CUST-1101,PROD-106,2,29.99,0.0,59.98,34.98,Net Banking,Delivered
ORD-10907,2025-08-28,CUST-1116,PROD-105,1,45.0,0.15,38.25,18.25,UPI,Shipped
ORD-10908,2025-05-20,CUST-1020,PROD-104,2,39.99,0.05,75.98,39.98,Debit Card,Returned
ORD-10909,2025-04-22,CUST-1200,PROD-110,2,199.0,0.1,358.2,138.2,Credit Card,Delivered
ORD-10910,2025-06-18,CUST-1040,PROD-102,1,89.5,0.05,85.02,40.02,Debit Card,Cancelled
ORD-10911,2025-11-18,CUST-1116,PROD-108,1,64.99,0.05,61.74,31.74,UPI,Shipped
ORD-10912,2026-07-03,CUST-1105,PROD-102,5,89.5,0.2,358.0,133.0,UPI,Delivered
ORD-10913,2026-04-08,CUST-1092,PROD-104,1,39.99,0.15,33.99,15.99,UPI,Delivered
ORD-10914,2025-09-29,CUST-1079,PROD-108,3,64.99,0.0,194.97,104.97,Net Banking,Returned
ORD-10915,2025-06-11,CUST-1031,PROD-102,4,89.5,0.05,340.1,160.1,Credit Card,Delivered
ORD-10916,2025-02-11,CUST-1176,PROD-105,2,45.0,0.05,85.5,45.5,Credit Card,Delivered
ORD-10917,2025-06-01,CUST-1056,PROD-106,2,29.99,0.1,53.98,28.98,UPI,Delivered
ORD-10918,2025-12-31,CUST-1024,PROD-104,1,39.99,0.05,37.99,19.99,UPI,Cancelled
ORD-10919,2025-02-20,CUST-1102,PROD-109,1,24.5,0.0,24.5,15.5,Net Banking,Returned
ORD-10920,2025-09-24,CUST-1174,PROD-105,1,45.0,0.05,42.75,22.75,UPI,Delivered
ORD-10921,2026-02-19,CUST-1045,PROD-101,4,149.99,0.05,569.96,229.96,UPI,Cancelled
ORD-10922,2026-07-18,CUST-1116,PROD-109,3,24.5,0.05,69.82,42.82,Net Banking,Delivered
ORD-10923,2026-04-19,CUST-1064,PROD-102,4,89.5,0.05,340.1,160.1,UPI,Delivered
ORD-10924,2025-05-05,CUST-1027,PROD-103,1,329.0,0.0,329.0,119.0,UPI,Cancelled
ORD-10925,2025-08-16,CUST-1004,PROD-101,3,149.99,0.05,427.47,172.47,Credit Card,Cancelled
ORD-10926,2026-02-15,CUST-1034,PROD-104,2,39.99,0.0,79.98,43.98,Net Banking,Returned
ORD-10927,2025-09-23,CUST-1096,PROD-102,2,89.5,0.0,179.0,89.0,Net Banking,Returned
ORD-10928,2025-03-08,CUST-1020,PROD-101,1,149.99,0.0,149.99,64.99,Credit Card,Delivered
ORD-10929,2025-05-12,CUST-1051,PROD-108,2,64.99,0.2,103.98,43.98,UPI,Returned
ORD-10930,2025-05-06,CUST-1024,PROD-106,2,29.99,0.0,59.98,34.98,Credit Card,Shipped
ORD-10931,2025-02-21,CUST-1011,PROD-108,5,64.99,0.1,292.46,142.46,Net Banking,Cancelled
ORD-10932,2026-03-20,CUST-1044,PROD-110,1,199.0,0.05,189.05,79.05,Net Banking,Returned
ORD-10933,2026-05-24,CUST-1186,PROD-107,1,59.9,0.0,59.9,31.9,UPI,Cancelled
ORD-10934,2026-03-13,CUST-1008,PROD-107,4,59.9,0.0,239.6,127.6,UPI,Delivered
ORD-10935,2025-08-08,CUST-1045,PROD-106,5,29.99,0.1,134.95,72.45,Debit Card,Delivered
ORD-10936,2025-10-14,CUST-1048,PROD-105,1,45.0,0.1,40.5,20.5,Credit Card,Shipped
ORD-10937,2025-02-05,CUST-1115,PROD-103,1,329.0,0.0,329.0,119.0,Credit Card,Delivered
ORD-10938,2025-09-09,CUST-1158,PROD-110,1,199.0,0.0,199.0,89.0,Debit Card,Delivered
ORD-10939,2026-05-26,CUST-1166,PROD-105,3,45.0,0.0,135.0,75.0,Credit Card,Returned
ORD-10940,2026-05-06,CUST-1106,PROD-109,5,24.5,0.0,122.5,77.5,Credit Card,Returned
ORD-10941,2025-10-14,CUST-1016,PROD-102,1,89.5,0.05,85.02,40.02,Net Banking,Shipped
ORD-10942,2026-03-06,CUST-1099,PROD-103,1,329.0,0.1,296.1,86.1,Credit Card,Delivered
ORD-10943,2025-09-13,CUST-1052,PROD-109,1,24.5,0.0,24.5,15.5,Net Banking,Delivered
ORD-10944,2025-01-20,CUST-1162,PROD-109,1,24.5,0.0,24.5,15.5,Net Banking,Delivered
ORD-10945,2026-05-07,CUST-1098,PROD-106,1,29.99,0.0,29.99,17.49,Credit Card,Delivered
ORD-10946,2025-12-19,CUST-1140,PROD-108,2,64.99,0.1,116.98,56.98,Net Banking,Returned
ORD-10947,2025-11-26,CUST-1145,PROD-109,1,24.5,0.0,24.5,15.5,Credit Card,Shipped
ORD-10948,2025-07-04,CUST-1100,PROD-105,5,45.0,0.15,191.25,91.25,Credit Card,Delivered
ORD-10949,2025-08-13,CUST-1007,PROD-106,2,29.99,0.05,56.98,31.98,UPI,Delivered
ORD-10950,2025-03-01,CUST-1008,PROD-105,1,45.0,0.1,40.5,20.5,Credit Card,Delivered
ORD-10951,2026-01-02,CUST-1121,PROD-109,2,24.5,0.0,49.0,31.0,UPI,Delivered
ORD-10952,2025-08-27,CUST-1197,PROD-110,2,199.0,0.0,398.0,178.0,Credit Card,Delivered
ORD-10953,2025-09-11,CUST-1041,PROD-102,3,89.5,0.05,255.08,120.08,UPI,Delivered
ORD-10954,2025-09-30,CUST-1169,PROD-104,1,39.99,0.05,37.99,19.99,Credit Card,Returned
ORD-10955,2025-08-13,CUST-1137,PROD-101,4,149.99,0.1,539.96,199.96,Credit Card,Returned
ORD-10956,2025-12-30,CUST-1148,PROD-107,2,59.9,0.0,119.8,63.8,Credit Card,Delivered
ORD-10957,2025-08-31,CUST-1045,PROD-103,1,329.0,0.05,312.55,102.55,Debit Card,Shipped
ORD-10958,2026-01-03,CUST-1152,PROD-106,2,29.99,0.05,56.98,31.98,Credit Card,Cancelled
ORD-10959,2025-12-27,CUST-1152,PROD-101,1,149.99,0.1,134.99,49.99,Credit Card,Delivered
ORD-10960,2025-05-26,CUST-1146,PROD-110,1,199.0,0.1,179.1,69.1,UPI,Shipped
ORD-10961,2026-05-20,CUST-1145,PROD-104,1,39.99,0.1,35.99,17.99,Credit Card,Cancelled
ORD-10962,2025-06-29,CUST-1139,PROD-105,2,45.0,0.05,85.5,45.5,UPI,Delivered
ORD-10963,2025-04-03,CUST-1126,PROD-101,1,149.99,0.15,127.49,42.49,Net Banking,Delivered
ORD-10964,2025-08-13,CUST-1015,PROD-104,1,39.99,0.0,39.99,21.99,Credit Card,Delivered
ORD-10965,2026-05-05,CUST-1006,PROD-109,1,24.5,0.0,24.5,15.5,UPI,Delivered
ORD-10966,2025-07-26,CUST-1001,PROD-106,4,29.99,0.15,101.97,51.97,UPI,Delivered
ORD-10967,2025-07-01,CUST-1034,PROD-106,1,29.99,0.15,25.49,12.99,UPI,Delivered
ORD-10968,2025-01-23,CUST-1083,PROD-101,2,149.99,0.1,269.98,99.98,UPI,Cancelled
ORD-10969,2025-05-26,CUST-1038,PROD-110,1,199.0,0.05,189.05,79.05,Debit Card,Delivered
ORD-10970,2026-06-23,CUST-1199,PROD-102,1,89.5,0.1,80.55,35.55,Credit Card,Shipped
ORD-10971,2026-01-18,CUST-1094,PROD-102,2,89.5,0.0,179.0,89.0,UPI,Delivered
ORD-10972,2025-04-14,CUST-1181,PROD-107,2,59.9,0.15,101.83,45.83,UPI,Returned
ORD-10973,2025-11-27,CUST-1087,PROD-105,1,45.0,0.05,42.75,22.75,Credit Card,Delivered
ORD-10974,2026-03-24,CUST-1035,PROD-103,1,329.0,0.1,296.1,86.1,Credit Card,Delivered
ORD-10975,2025-11-21,CUST-1164,PROD-108,2,64.99,0.0,129.98,69.98,Credit Card,Delivered
ORD-10976,2026-01-01,CUST-1045,PROD-109,2,24.5,0.0,49.0,31.0,UPI,Delivered
ORD-10977,2025-06-29,CUST-1058,PROD-110,1,199.0,0.0,199.0,89.0,Net Banking,Cancelled
ORD-10978,2025-10-29,CUST-1097,PROD-105,1,45.0,0.05,42.75,22.75,UPI,Delivered
ORD-10979,2025-01-02,CUST-1033,PROD-103,1,329.0,0.1,296.1,86.1,UPI,Returned
ORD-10980,2026-02-05,CUST-1180,PROD-110,4,199.0,0.0,796.0,356.0,Credit Card,Shipped
ORD-10981,2025-02-03,CUST-1198,PROD-110,3,199.0,0.05,567.15,237.15,Net Banking,Delivered
ORD-10982,2025-11-22,CUST-1047,PROD-110,1,199.0,0.0,199.0,89.0,Credit Card,Delivered
ORD-10983,2025-04-17,CUST-1157,PROD-104,2,39.99,0.15,67.98,31.98,Credit Card,Delivered
ORD-10984,2025-12-06,CUST-1128,PROD-103,2,329.0,0.0,658.0,238.0,Credit Card,Cancelled
ORD-10985,2025-09-01,CUST-1191,PROD-102,4,89.5,0.15,304.3,124.3,UPI,Delivered
ORD-10986,2025-06-21,CUST-1089,PROD-106,3,29.99,0.0,89.97,52.47,UPI,Delivered
ORD-10987,2025-12-10,CUST-1163,PROD-102,2,89.5,0.1,161.1,71.1,UPI,Cancelled
ORD-10988,2025-09-29,CUST-1115,PROD-101,2,149.99,0.0,299.98,129.98,Credit Card,Delivered
ORD-10989,2025-03-11,CUST-1054,PROD-104,3,39.99,0.0,119.97,65.97,Debit Card,Delivered
ORD-10990,2025-04-21,CUST-1090,PROD-105,4,45.0,0.0,180.0,100.0,Credit Card,Delivered
ORD-10991,2025-02-19,CUST-1185,PROD-101,1,149.99,0.0,149.99,64.99,Credit Card,Delivered
ORD-10992,2026-03-06,CUST-1099,PROD-108,1,64.99,0.0,64.99,34.99,UPI,Returned
ORD-10993,2026-05-20,CUST-1043,PROD-107,2,59.9,0.0,119.8,63.8,UPI,Delivered
ORD-10994,2026-07-14,CUST-1097,PROD-106,3,29.99,0.05,85.47,47.97,Credit Card,Delivered
ORD-10995,2026-05-06,CUST-1097,PROD-102,3,89.5,0.1,241.65,106.65,Net Banking,Delivered
ORD-10996,2025-06-16,CUST-1148,PROD-104,1,39.99,0.0,39.99,21.99,UPI,Delivered
ORD-10997,2025-02-04,CUST-1116,PROD-102,2,89.5,0.15,152.15,62.15,Credit Card,Delivered
ORD-10998,2025-11-23,CUST-1076,PROD-101,3,149.99,0.0,449.97,194.97,UPI,Delivered
ORD-10999,2025-03-17,CUST-1067,PROD-102,1,89.5,0.1,80.55,35.55,Debit Card,Shipped
ORD-11000,2026-01-20,CUST-1088,PROD-103,1,329.0,0.1,296.1,86.1,Credit Card,Cancelled
ORD-11001,2026-07-15,CUST-1042,PROD-102,1,89.5,0.0,89.5,44.5,UPI,Delivered
ORD-11002,2026-05-10,CUST-1024,PROD-106,1,29.99,0.05,28.49,15.99,UPI,Shipped
ORD-11003,2026-03-18,CUST-1181,PROD-101,2,149.99,0.0,299.98,129.98,Credit Card,Delivered
ORD-11004,2026-03-21,CUST-1168,PROD-103,1,329.0,0.1,296.1,86.1,UPI,Delivered
ORD-11005,2025-04-14,CUST-1041,PROD-101,1,149.99,0.15,127.49,42.49,UPI,Delivered
ORD-11006,2025-07-14,CUST-1085,PROD-104,1,39.99,0.05,37.99,19.99,Debit Card,Returned
ORD-11007,2026-07-08,CUST-1105,PROD-109,1,24.5,0.1,22.05,13.05,Credit Card,Shipped
ORD-11008,2025-11-01,CUST-1068,PROD-105,1,45.0,0.0,45.0,25.0,Debit Card,Shipped
ORD-11009,2025-02-20,CUST-1061,PROD-102,1,89.5,0.15,76.08,31.08,Net Banking,Delivered
ORD-11010,2026-07-17,CUST-1101,PROD-110,2,199.0,0.15,338.3,118.3,Credit Card,Returned
ORD-11011,2025-02-25,CUST-1126,PROD-103,1,329.0,0.05,312.55,102.55,Credit Card,Shipped
ORD-11012,2026-03-14,CUST-1093,PROD-101,1,149.99,0.05,142.49,57.49,Net Banking,Returned
ORD-11013,2026-05-07,CUST-1023,PROD-105,4,45.0,0.05,171.0,91.0,Credit Card,Returned
ORD-11014,2025-01-27,CUST-1052,PROD-102,1,89.5,0.0,89.5,44.5,UPI,Cancelled
ORD-11015,2025-10-26,CUST-1053,PROD-103,1,329.0,0.05,312.55,102.55,Credit Card,Returned
ORD-11016,2025-04-29,CUST-1021,PROD-108,2,64.99,0.15,110.48,50.48,UPI,Cancelled
ORD-11017,2026-04-28,CUST-1079,PROD-107,1,59.9,0.0,59.9,31.9,Credit Card,Returned
ORD-11018,2025-04-04,CUST-1126,PROD-105,1,45.0,0.05,42.75,22.75,Credit Card,Cancelled
ORD-11019,2026-02-01,CUST-1165,PROD-109,1,24.5,0.05,23.28,14.28,Net Banking,Cancelled
ORD-11020,2026-01-26,CUST-1048,PROD-106,1,29.99,0.0,29.99,17.49,UPI,Shipped
ORD-11021,2026-04-02,CUST-1095,PROD-103,1,329.0,0.05,312.55,102.55,Credit Card,Delivered
ORD-11022,2026-03-27,CUST-1012,PROD-105,1,45.0,0.1,40.5,20.5,Credit Card,Returned
ORD-11023,2025-08-20,CUST-1120,PROD-105,2,45.0,0.0,90.0,50.0,UPI,Delivered
ORD-11024,2025-03-05,CUST-1069,PROD-110,1,199.0,0.1,179.1,69.1,UPI,Delivered
ORD-11025,2025-03-29,CUST-1039,PROD-102,2,89.5,0.1,161.1,71.1,Credit Card,Delivered
ORD-11026,2026-07-09,CUST-1172,PROD-106,1,29.99,0.05,28.49,15.99,Debit Card,Delivered
ORD-11027,2025-08-21,CUST-1106,PROD-110,2,199.0,0.05,378.1,158.1,Credit Card,Delivered
ORD-11028,2026-02-01,CUST-1142,PROD-101,1,149.99,0.1,134.99,49.99,Net Banking,Shipped
ORD-11029,2026-07-03,CUST-1134,PROD-107,1,59.9,0.15,50.92,22.92,Debit Card,Delivered
ORD-11030,2025-08-30,CUST-1176,PROD-108,1,64.99,0.05,61.74,31.74,UPI,Cancelled
ORD-11031,2025-03-22,CUST-1122,PROD-105,1,45.0,0.0,45.0,25.0,Credit Card,Delivered
ORD-11032,2026-05-30,CUST-1102,PROD-101,1,149.99,0.15,127.49,42.49,Credit Card,Delivered
ORD-11033,2025-05-31,CUST-1147,PROD-109,1,24.5,0.15,20.82,11.82,UPI,Cancelled
ORD-11034,2025-06-27,CUST-1031,PROD-108,1,64.99,0.2,51.99,21.99,Credit Card,Returned
ORD-11035,2025-07-17,CUST-1043,PROD-104,1,39.99,0.15,33.99,15.99,Debit Card,Delivered
ORD-11036,2026-03-10,CUST-1033,PROD-101,1,149.99,0.0,149.99,64.99,Credit Card,Cancelled
ORD-11037,2025-07-26,CUST-1021,PROD-107,2,59.9,0.05,113.81,57.81,UPI,Shipped
ORD-11038,2025-09-22,CUST-1161,PROD-103,1,329.0,0.05,312.55,102.55,Net Banking,Returned
ORD-11039,2025-03-31,CUST-1082,PROD-102,3,89.5,0.05,255.08,120.08,Net Banking,Cancelled
ORD-11040,2026-02-11,CUST-1100,PROD-109,1,24.5,0.1,22.05,13.05,UPI,Delivered
ORD-11041,2025-10-10,CUST-1142,PROD-106,3,29.99,0.05,85.47,47.97,UPI,Shipped
ORD-11042,2025-01-13,CUST-1134,PROD-108,3,64.99,0.0,194.97,104.97,Net Banking,Returned
ORD-11043,2026-06-20,CUST-1180,PROD-110,1,199.0,0.0,199.0,89.0,Debit Card,Delivered
ORD-11044,2026-03-01,CUST-1108,PROD-102,1,89.5,0.0,89.5,44.5,Credit Card,Cancelled
ORD-11045,2025-04-13,CUST-1039,PROD-103,3,329.0,0.05,937.65,307.65,Credit Card,Cancelled
ORD-11046,2025-04-14,CUST-1028,PROD-110,2,199.0,0.0,398.0,178.0,Debit Card,Delivered
ORD-11047,2025-12-19,CUST-1074,PROD-109,5,24.5,0.0,122.5,77.5,UPI,Delivered
ORD-11048,2026-01-28,CUST-1106,PROD-105,1,45.0,0.15,38.25,18.25,Credit Card,Delivered
ORD-11049,2026-04-30,CUST-1168,PROD-108,3,64.99,0.05,185.22,95.22,UPI,Returned
ORD-11050,2025-10-10,CUST-1010,PROD-103,1,329.0,0.0,329.0,119.0,Credit Card,Returned
ORD-11051,2026-02-16,CUST-1104,PROD-103,2,329.0,0.15,559.3,139.3,Credit Card,Delivered
ORD-11052,2025-12-06,CUST-1010,PROD-107,1,59.9,0.1,53.91,25.91,Credit Card,Delivered
ORD-11053,2025-02-20,CUST-1177,PROD-104,2,39.99,0.0,79.98,43.98,Credit Card,Delivered
ORD-11054,2025-10-03,CUST-1191,PROD-108,3,64.99,0.15,165.72,75.72,Credit Card,Delivered
ORD-11055,2025-12-12,CUST-1096,PROD-101,1,149.99,0.15,127.49,42.49,Debit Card,Delivered
ORD-11056,2025-10-15,CUST-1078,PROD-105,4,45.0,0.0,180.0,100.0,UPI,Delivered
ORD-11057,2025-08-22,CUST-1126,PROD-102,1,89.5,0.0,89.5,44.5,UPI,Cancelled
ORD-11058,2026-03-30,CUST-1035,PROD-105,2,45.0,0.0,90.0,50.0,Credit Card,Delivered
ORD-11059,2025-10-03,CUST-1199,PROD-106,2,29.99,0.0,59.98,34.98,Debit Card,Delivered
ORD-11060,2025-04-02,CUST-1187,PROD-107,1,59.9,0.05,56.9,28.9,UPI,Returned
ORD-11061,2025-08-05,CUST-1049,PROD-108,1,64.99,0.05,61.74,31.74,Credit Card,Delivered
ORD-11062,2026-06-13,CUST-1105,PROD-108,1,64.99,0.1,58.49,28.49,Net Banking,Shipped
ORD-11063,2026-06-12,CUST-1096,PROD-101,1,149.99,0.0,149.99,64.99,Credit Card,Delivered
ORD-11064,2025-11-15,CUST-1041,PROD-102,1,89.5,0.05,85.02,40.02,Credit Card,Delivered
ORD-11065,2026-02-18,CUST-1182,PROD-109,1,24.5,0.0,24.5,15.5,Credit Card,Returned
ORD-11066,2025-01-30,CUST-1035,PROD-109,1,24.5,0.05,23.28,14.28,UPI,Delivered
ORD-11067,2025-07-25,CUST-1045,PROD-104,1,39.99,0.1,35.99,17.99,UPI,Shipped
ORD-11068,2025-02-03,CUST-1015,PROD-104,2,39.99,0.1,71.98,35.98,Net Banking,Delivered
ORD-11069,2026-01-05,CUST-1117,PROD-101,2,149.99,0.1,269.98,99.98,Credit Card,Delivered
ORD-11070,2025-10-08,CUST-1181,PROD-104,1,39.99,0.1,35.99,17.99,Credit Card,Delivered
ORD-11071,2026-06-02,CUST-1095,PROD-108,2,64.99,0.0,129.98,69.98,Net Banking,Delivered
ORD-11072,2025-02-01,CUST-1102,PROD-102,2,89.5,0.0,179.0,89.0,Net Banking,Delivered
ORD-11073,2026-05-16,CUST-1062,PROD-106,1,29.99,0.0,29.99,17.49,Credit Card,Cancelled
ORD-11074,2025-07-01,CUST-1153,PROD-108,1,64.99,0.1,58.49,28.49,Net Banking,Delivered
ORD-11075,2026-07-19,CUST-1122,PROD-110,2,199.0,0.0,398.0,178.0,Credit Card,Returned
ORD-11076,2025-06-17,CUST-1090,PROD-106,2,29.99,0.0,59.98,34.98,UPI,Shipped
ORD-11077,2025-10-19,CUST-1067,PROD-102,5,89.5,0.0,447.5,222.5,UPI,Returned
ORD-11078,2025-02-20,CUST-1008,PROD-107,5,59.9,0.2,239.6,99.6,Net Banking,Delivered
ORD-11079,2025-08-08,CUST-1042,PROD-110,2,199.0,0.15,338.3,118.3,Credit Card,Shipped
ORD-11080,2025-07-31,CUST-1057,PROD-104,2,39.99,0.05,75.98,39.98,UPI,Delivered
ORD-11081,2026-06-10,CUST-1069,PROD-107,1,59.9,0.05,56.9,28.9,Net Banking,Cancelled
ORD-11082,2026-05-01,CUST-1006,PROD-101,1,149.99,0.05,142.49,57.49,Credit Card,Delivered
ORD-11083,2025-01-09,CUST-1034,PROD-103,2,329.0,0.1,592.2,172.2,Credit Card,Delivered
ORD-11084,2025-11-09,CUST-1058,PROD-105,1,45.0,0.05,42.75,22.75,UPI,Delivered
ORD-11085,2026-03-10,CUST-1183,PROD-105,2,45.0,0.1,81.0,41.0,Net Banking,Delivered
ORD-11086,2026-04-16,CUST-1097,PROD-106,3,29.99,0.0,89.97,52.47,Credit Card,Delivered
ORD-11087,2026-04-23,CUST-1065,PROD-104,2,39.99,0.1,71.98,35.98,Credit Card,Delivered
ORD-11088,2026-02-11,CUST-1078,PROD-109,3,24.5,0.15,62.48,35.48,Net Banking,Delivered
ORD-11089,2025-01-08,CUST-1150,PROD-102,2,89.5,0.05,170.05,80.05,Credit Card,Delivered
ORD-11090,2026-07-29,CUST-1131,PROD-106,1,29.99,0.05,28.49,15.99,Debit Card,Delivered
ORD-11091,2025-10-17,CUST-1166,PROD-110,2,199.0,0.1,358.2,138.2,Credit Card,Shipped
ORD-11092,2026-05-09,CUST-1077,PROD-102,2,89.5,0.0,179.0,89.0,Credit Card,Delivered
ORD-11093,2025-10-11,CUST-1017,PROD-106,1,29.99,0.1,26.99,14.49,Credit Card,Delivered
ORD-11094,2025-10-11,CUST-1164,PROD-106,2,29.99,0.05,56.98,31.98,Credit Card,Delivered
ORD-11095,2025-07-12,CUST-1067,PROD-105,1,45.0,0.0,45.0,25.0,Credit Card,Delivered
ORD-11096,2025-09-04,CUST-1039,PROD-109,1,24.5,0.1,22.05,13.05,UPI,Delivered
ORD-11097,2026-02-18,CUST-1015,PROD-110,1,199.0,0.0,199.0,89.0,UPI,Cancelled
ORD-11098,2025-05-24,CUST-1170,PROD-106,1,29.99,0.1,26.99,14.49,UPI,Delivered
ORD-11099,2026-05-25,CUST-1185,PROD-101,2,149.99,0.05,284.98,114.98,Credit Card,Cancelled
ORD-11100,2026-03-05,CUST-1076,PROD-105,3,45.0,0.0,135.0,75.0,Net Banking,Delivered
ORD-11101,2025-02-06,CUST-1104,PROD-107,1,59.9,0.0,59.9,31.9,UPI,Delivered
ORD-11102,2025-07-14,CUST-1150,PROD-110,2,199.0,0.1,358.2,138.2,Debit Card,Delivered
ORD-11103,2026-07-02,CUST-1088,PROD-104,1,39.99,0.1,35.99,17.99,UPI,Cancelled
ORD-11104,2026-01-03,CUST-1164,PROD-108,1,64.99,0.0,64.99,34.99,Credit Card,Delivered
ORD-11105,2025-06-24,CUST-1130,PROD-105,4,45.0,0.0,180.0,100.0,Credit Card,Returned
ORD-11106,2025-07-05,CUST-1169,PROD-109,1,24.5,0.1,22.05,13.05,Credit Card,Shipped
ORD-11107,2026-04-28,CUST-1076,PROD-102,3,89.5,0.0,268.5,133.5,Credit Card,Returned
ORD-11108,2026-07-27,CUST-1033,PROD-105,1,45.0,0.1,40.5,20.5,Debit Card,Delivered
ORD-11109,2025-12-10,CUST-1196,PROD-103,1,329.0,0.15,279.65,69.65,UPI,Delivered
ORD-11110,2025-08-16,CUST-1168,PROD-102,1,89.5,0.15,76.08,31.08,Credit Card,Delivered
ORD-11111,2025-11-11,CUST-1091,PROD-104,1,39.99,0.0,39.99,21.99,Credit Card,Returned
ORD-11112,2026-01-16,CUST-1108,PROD-106,3,29.99,0.15,76.47,38.97,Net Banking,Shipped
ORD-11113,2025-10-29,CUST-1067,PROD-110,2,199.0,0.0,398.0,178.0,UPI,Cancelled
ORD-11114,2026-04-27,CUST-1119,PROD-102,2,89.5,0.2,143.2,53.2,Credit Card,Returned
ORD-11115,2025-03-14,CUST-1014,PROD-110,1,199.0,0.0,199.0,89.0,Credit Card,Returned
ORD-11116,2026-05-28,CUST-1121,PROD-104,5,39.99,0.05,189.95,99.95,UPI,Delivered
ORD-11117,2026-06-27,CUST-1031,PROD-107,1,59.9,0.15,50.92,22.92,UPI,Returned
ORD-11118,2025-02-25,CUST-1077,PROD-107,1,59.9,0.0,59.9,31.9,UPI,Shipped
ORD-11119,2025-07-25,CUST-1039,PROD-103,3,329.0,0.05,937.65,307.65,UPI,Delivered
ORD-11120,2026-04-14,CUST-1088,PROD-107,2,59.9,0.0,119.8,63.8,UPI,Delivered
ORD-11121,2025-07-04,CUST-1037,PROD-106,2,29.99,0.0,59.98,34.98,Net Banking,Delivered
ORD-11122,2026-05-15,CUST-1200,PROD-102,1,89.5,0.1,80.55,35.55,UPI,Shipped
ORD-11123,2025-11-17,CUST-1086,PROD-103,2,329.0,0.1,592.2,172.2,Credit Card,Returned
ORD-11124,2025-01-05,CUST-1163,PROD-101,2,149.99,0.1,269.98,99.98,Credit Card,Delivered
ORD-11125,2025-08-03,CUST-1116,PROD-105,2,45.0,0.05,85.5,45.5,Credit Card,Returned
ORD-11126,2025-06-12,CUST-1195,PROD-103,2,329.0,0.05,625.1,205.1,Credit Card,Delivered
ORD-11127,2025-05-13,CUST-1126,PROD-102,3,89.5,0.2,214.8,79.8,UPI,Returned
ORD-11128,2026-03-16,CUST-1158,PROD-107,1,59.9,0.05,56.9,28.9,Net Banking,Cancelled
ORD-11129,2026-05-04,CUST-1104,PROD-107,2,59.9,0.0,119.8,63.8,Credit Card,Delivered
ORD-11130,2025-02-08,CUST-1099,PROD-101,1,149.99,0.05,142.49,57.49,Net Banking,Delivered
ORD-11131,2026-01-18,CUST-1137,PROD-104,1,39.99,0.15,33.99,15.99,Credit Card,Returned
ORD-11132,2026-06-28,CUST-1004,PROD-106,1,29.99,0.0,29.99,17.49,UPI,Cancelled
ORD-11133,2025-01-05,CUST-1049,PROD-101,1,149.99,0.15,127.49,42.49,UPI,Shipped
ORD-11134,2025-08-20,CUST-1161,PROD-104,1,39.99,0.0,39.99,21.99,Net Banking,Cancelled
ORD-11135,2025-11-16,CUST-1178,PROD-106,1,29.99,0.2,23.99,11.49,UPI,Delivered
ORD-11136,2026-01-28,CUST-1034,PROD-102,2,89.5,0.0,179.0,89.0,Credit Card,Delivered
ORD-11137,2025-11-10,CUST-1129,PROD-110,1,199.0,0.0,199.0,89.0,UPI,Returned
ORD-11138,2025-02-16,CUST-1043,PROD-102,1,89.5,0.1,80.55,35.55,UPI,Delivered
ORD-11139,2026-04-12,CUST-1077,PROD-105,2,45.0,0.0,90.0,50.0,UPI,Delivered
ORD-11140,2026-06-21,CUST-1187,PROD-109,1,24.5,0.0,24.5,15.5,Debit Card,Shipped
ORD-11141,2025-05-18,CUST-1087,PROD-107,1,59.9,0.15,50.92,22.92,UPI,Delivered
ORD-11142,2026-01-03,CUST-1088,PROD-108,2,64.99,0.05,123.48,63.48,UPI,Delivered
ORD-11143,2025-06-18,CUST-1193,PROD-104,1,39.99,0.1,35.99,17.99,Debit Card,Cancelled
ORD-11144,2025-08-22,CUST-1104,PROD-101,1,149.99,0.0,149.99,64.99,Credit Card,Delivered
ORD-11145,2025-08-05,CUST-1058,PROD-103,2,329.0,0.05,625.1,205.1,UPI,Delivered
ORD-11146,2026-06-01,CUST-1188,PROD-101,1,149.99,0.0,149.99,64.99,UPI,Delivered
ORD-11147,2026-01-11,CUST-1044,PROD-102,2,89.5,0.0,179.0,89.0,Credit Card,Delivered
ORD-11148,2026-01-20,CUST-1183,PROD-101,1,149.99,0.0,149.99,64.99,Credit Card,Shipped
ORD-11149,2026-07-02,CUST-1164,PROD-105,1,45.0,0.0,45.0,25.0,UPI,Delivered
ORD-11150,2025-02-19,CUST-1160,PROD-101,2,149.99,0.15,254.98,84.98,Credit Card,Delivered
ORD-11151,2025-01-21,CUST-1170,PROD-102,3,89.5,0.05,255.08,120.08,Net Banking,Returned
ORD-11152,2026-03-03,CUST-1013,PROD-102,2,89.5,0.0,179.0,89.0,Debit Card,Delivered
ORD-11153,2025-05-07,CUST-1114,PROD-107,1,59.9,0.05,56.9,28.9,Credit Card,Cancelled
ORD-11154,2026-05-01,CUST-1141,PROD-105,1,45.0,0.05,42.75,22.75,Net Banking,Delivered
ORD-11155,2025-07-30,CUST-1180,PROD-103,1,329.0,0.0,329.0,119.0,UPI,Returned
ORD-11156,2025-11-05,CUST-1178,PROD-101,3,149.99,0.2,359.98,104.98,Credit Card,Cancelled
ORD-11157,2026-06-17,CUST-1108,PROD-102,2,89.5,0.1,161.1,71.1,UPI,Delivered
ORD-11158,2025-05-21,CUST-1070,PROD-110,2,199.0,0.15,338.3,118.3,UPI,Delivered
ORD-11159,2026-06-08,CUST-1108,PROD-102,1,89.5,0.1,80.55,35.55,UPI,Returned
ORD-11160,2025-05-01,CUST-1185,PROD-110,5,199.0,0.0,995.0,445.0,Net Banking,Delivered
ORD-11161,2025-04-19,CUST-1073,PROD-102,2,89.5,0.0,179.0,89.0,UPI,Returned
ORD-11162,2025-07-24,CUST-1128,PROD-104,1,39.99,0.0,39.99,21.99,UPI,Delivered
ORD-11163,2026-06-20,CUST-1200,PROD-105,1,45.0,0.1,40.5,20.5,Debit Card,Delivered
ORD-11164,2026-02-24,CUST-1052,PROD-106,1,29.99,0.1,26.99,14.49,Net Banking,Delivered
ORD-11165,2025-02-10,CUST-1076,PROD-103,1,329.0,0.05,312.55,102.55,Credit Card,Delivered
ORD-11166,2025-08-01,CUST-1141,PROD-108,3,64.99,0.05,185.22,95.22,Net Banking,Delivered
ORD-11167,2025-12-05,CUST-1177,PROD-108,1,64.99,0.0,64.99,34.99,Net Banking,Returned
ORD-11168,2025-01-14,CUST-1061,PROD-101,2,149.99,0.0,299.98,129.98,UPI,Delivered
ORD-11169,2025-04-24,CUST-1172,PROD-102,1,89.5,0.1,80.55,35.55,Net Banking,Shipped
ORD-11170,2025-06-02,CUST-1147,PROD-108,2,64.99,0.05,123.48,63.48,Credit Card,Returned
ORD-11171,2025-03-18,CUST-1024,PROD-109,1,24.5,0.05,23.28,14.28,Credit Card,Delivered
ORD-11172,2025-09-20,CUST-1186,PROD-102,1,89.5,0.0,89.5,44.5,Credit Card,Cancelled
ORD-11173,2026-04-13,CUST-1165,PROD-104,1,39.99,0.15,33.99,15.99,Debit Card,Delivered
ORD-11174,2026-04-21,CUST-1076,PROD-105,1,45.0,0.1,40.5,20.5,Credit Card,Delivered
ORD-11175,2025-06-28,CUST-1013,PROD-102,1,89.5,0.0,89.5,44.5,UPI,Shipped
ORD-11176,2026-01-04,CUST-1011,PROD-105,5,45.0,0.0,225.0,125.0,Credit Card,Shipped
ORD-11177,2026-03-13,CUST-1174,PROD-106,1,29.99,0.0,29.99,17.49,Credit Card,Delivered
ORD-11178,2025-04-08,CUST-1190,PROD-102,3,89.5,0.05,255.08,120.08,UPI,Delivered
ORD-11179,2025-01-10,CUST-1195,PROD-101,4,149.99,0.1,539.96,199.96,Credit Card,Delivered
ORD-11180,2025-12-03,CUST-1036,PROD-103,4,329.0,0.2,1052.8,212.8,Net Banking,Cancelled
ORD-11181,2025-10-02,CUST-1092,PROD-108,2,64.99,0.0,129.98,69.98,Credit Card,Delivered
ORD-11182,2026-01-17,CUST-1188,PROD-102,2,89.5,0.1,161.1,71.1,Credit Card,Cancelled
ORD-11183,2025-04-27,CUST-1088,PROD-103,1,329.0,0.05,312.55,102.55,Credit Card,Delivered
ORD-11184,2026-04-13,CUST-1103,PROD-107,1,59.9,0.0,59.9,31.9,Credit Card,Returned
ORD-11185,2026-05-05,CUST-1070,PROD-107,1,59.9,0.1,53.91,25.91,UPI,Delivered
ORD-11186,2025-04-26,CUST-1108,PROD-103,1,329.0,0.0,329.0,119.0,Debit Card,Cancelled
ORD-11187,2025-06-13,CUST-1034,PROD-101,2,149.99,0.0,299.98,129.98,Credit Card,Shipped
ORD-11188,2026-05-10,CUST-1027,PROD-107,1,59.9,0.0,59.9,31.9,UPI,Delivered
ORD-11189,2025-07-05,CUST-1146,PROD-108,2,64.99,0.05,123.48,63.48,UPI,Returned
ORD-11190,2026-01-03,CUST-1157,PROD-107,2,59.9,0.05,113.81,57.81,UPI,Returned
ORD-11191,2025-05-14,CUST-1157,PROD-101,2,149.99,0.2,239.98,69.98,Credit Card,Cancelled
ORD-11192,2025-04-26,CUST-1124,PROD-108,4,64.99,0.1,233.96,113.96,UPI,Delivered
ORD-11193,2025-02-17,CUST-1106,PROD-108,1,64.99,0.2,51.99,21.99,Credit Card,Cancelled
ORD-11194,2025-11-18,CUST-1017,PROD-105,1,45.0,0.1,40.5,20.5,Credit Card,Delivered
ORD-11195,2025-08-18,CUST-1004,PROD-109,2,24.5,0.1,44.1,26.1,Net Banking,Shipped
ORD-11196,2026-06-16,CUST-1172,PROD-106,1,29.99,0.2,23.99,11.49,Net Banking,Returned
ORD-11197,2025-04-08,CUST-1134,PROD-110,1,199.0,0.05,189.05,79.05,UPI,Returned
ORD-11198,2026-05-09,CUST-1111,PROD-104,2,39.99,0.0,79.98,43.98,UPI,Delivered
ORD-11199,2025-06-02,CUST-1089,PROD-107,1,59.9,0.0,59.9,31.9,Credit Card,Returned
ORD-11200,2025-02-25,CUST-1143,PROD-110,2,199.0,0.05,378.1,158.1,Credit Card,Delivered
